id,first_name,last_name,email,gender,country,address
1,Melanie,Skeldinge,mskeldinge0@comsenz.com,Bigender,Brazil,2 Milwaukee Place
2,Pamela,Goley,pgoley1@ft.com,Agender,Russia,0751 Crest Line Street
3,Terrie,Gillise,tgillise2@lulu.com,Male,Portugal,60740 Truax Road
4,Frannie,Newns,fnewns3@unc.edu,,Malaysia,284 Buena Vista Circle
5,Hetty,Clooney,,Female,Botswana,0 Lindbergh Drive
6,Horton,Heibel,hheibel5@theatlantic.com,Genderqueer,China,37 Brown Junction
7,Wren,Vanner,wvanner6@wufoo.com,Agender,China,0852 Carberry Street
8,Mariam,Klishin,mklishin7@t.co,Genderfluid,China,6752 Heffernan Center
9,Suzy,Dziwisz,,Agender,China,485 Doe Crossing Court
10,Alexa,Mowbury,amowbury9@amazon.de,Agender,China,931 Donald Terrace
11,Kalie,Bussons,kbussonsa@nsw.gov.au,,Syria,61427 Mccormick Center
12,Angelo,Menco,amencob@fastcompany.com,Bigender,Azerbaijan,69 Bowman Alley
13,Floris,Gillham,fgillhamc@guardian.co.uk,,Brazil,148 Chive Center
14,Arleyne,Kener,akenerd@dedecms.com,Female,Thailand,56832 Steensland Pass
15,Laureen,Yakuntzov,lyakuntzove@barnesandnoble.com,Polygender,Russia,923 Bunting Crossing
16,Bee,Chesshyre,bchesshyref@si.edu,,China,920 Talisman Road
17,Vida,Hartigan,vhartigang@eepurl.com,Male,Netherlands,88373 Derek Place
18,Angelica,Persent,apersenth@un.org,,Colombia,206 Washington Terrace
19,Karalee,Shilstone,kshilstonei@stumbleupon.com,Non-binary,Philippines,50540 Elmside Hill
20,Arley,Redwin,aredwinj@1und1.de,Agender,France,59 Mendota Trail
21,Hardy,Meineck,hmeineckk@taobao.com,,Russia,7507 Merchant Terrace
22,Augusto,Andrick,aandrickl@istockphoto.com,Non-binary,Indonesia,31322 Shoshone Hill
23,Gweneth,Weitzel,,Bigender,Ukraine,444 Ilene Circle
24,Baron,Wiggett,bwiggettn@tripadvisor.com,Polygender,Tanzania,3 Hoard Avenue
25,Marie-ann,Aiton,maitono@nymag.com,,Indonesia,5826 Maywood Street
26,Lyndell,Alf,lalfp@mozilla.com,Male,Estonia,2654 Logan Parkway
27,Minerva,Noon,mnoonq@ca.gov,,Portugal,871 Dexter Center
28,Ynez,Spriddle,yspriddler@disqus.com,,Brazil,93288 Summer Ridge Lane
29,Rozamond,Jendrys,rjendryss@jigsy.com,,Bosnia and Herzegovina,33341 Daystar Lane
30,Stacee,Creagh,screaght@google.ru,,Serbia,4 Sage Hill
31,Tomaso,Watting,twattingu@redcross.org,Male,China,840 Pennsylvania Trail
32,Cherianne,Tebbutt,ctebbuttv@printfriendly.com,Bigender,Indonesia,131 Corry Alley
33,Dani,Filyushkin,,,China,2627 Columbus Junction
34,Melodee,Axel,maxelx@army.mil,,Thailand,43 Comanche Hill
35,Maddie,Spraggon,mspraggony@blogs.com,Female,Bosnia and Herzegovina,7 Bayside Pass
36,Hynda,Zanicchi,hzanicchiz@geocities.jp,,Philippines,6 Hermina Crossing
37,Emilee,McCleary,emccleary10@youtu.be,,Netherlands,1647 Marcy Junction
38,Linus,Hastin,lhastin11@ycombinator.com,Male,Philippines,2977 Oak Park
39,Babara,Cawson,bcawson12@bravesites.com,Female,Ukraine,3618 Troy Crossing
40,Anny,Saffran,asaffran13@bing.com,Bigender,Ukraine,0792 Warbler Park
41,Sheffield,Janisson,sjanisson14@skype.com,Bigender,Kazakhstan,7 Cambridge Circle
42,Rubia,Hadny,rhadny15@fda.gov,,Greece,02503 Myrtle Street
43,Dolf,Orritt,dorritt16@archive.org,,Norway,536 Northridge Center
44,Madlin,Rouchy,mrouchy17@tuttocitta.it,Genderfluid,Thailand,807 Goodland Terrace
45,Nicol,Beney,nbeney18@cpanel.net,,China,8913 Crowley Avenue
46,Emlynne,Bennike,ebennike19@youtube.com,,China,94 Derek Park
47,Kristi,McLewd,kmclewd1a@comsenz.com,Genderfluid,Brazil,009 Thackeray Way
48,Imogen,Ashford,,,Colombia,1 Corben Junction
49,Reuben,Fache,rfache1c@sciencedirect.com,Male,Colombia,75912 Steensland Junction
50,Jaine,Frondt,jfrondt1d@cmu.edu,,Senegal,9 Erie Point
51,Arny,Plampin,aplampin1e@simplemachines.org,Polygender,Russia,5 Havey Circle
52,Iorgo,Jecks,ijecks1f@psu.edu,Genderfluid,Russia,31 Mifflin Terrace
53,Holmes,Prator,hprator1g@elpais.com,,Czech Republic,542 Rigney Park
54,Angelo,Phoenix,aphoenix1h@simplemachines.org,,Russia,43 Warrior Lane
55,Agnes,Wimlet,awimlet1i@aol.com,Polygender,China,6167 Talmadge Alley
56,Cody,Asplin,casplin1j@w3.org,,Palestinian Territory,109 Sage Court
57,Verge,Gout,vgout1k@usa.gov,,United States,1185 Hallows Lane
58,Korella,Crudginton,kcrudginton1l@go.com,,Oman,7 Drewry Terrace
59,Emmalyn,Eldrid,eeldrid1m@photobucket.com,Polygender,France,59 Rutledge Hill
60,Stillmann,Pendre,spendre1n@soup.io,Female,Malta,8 Caliangt Trail
61,Leoline,Commucci,,Male,Russia,8 Haas Court
62,Rhona,Ezzy,rezzy1p@wordpress.org,Male,Brazil,460 Hintze Avenue
63,Yanaton,Cowl,ycowl1q@cornell.edu,,Philippines,09004 Carioca Center
64,Owen,Jenkison,ojenkison1r@twitter.com,Non-binary,Panama,61115 Park Meadow Court
65,Emery,Chimenti,echimenti1s@purevolume.com,Genderfluid,Philippines,00788 Talisman Way
66,Wendi,Lidington,,Female,Brazil,128 Bluestem Center
67,Adore,Elloway,aelloway1u@wordpress.com,,Russia,786 Daystar Avenue
68,Elisha,Marlon,emarlon1v@jugem.jp,,Germany,3957 Old Gate Junction
69,Rory,Ellingham,rellingham1w@hostgator.com,Male,Canada,35083 Sloan Point
70,Dexter,Mucklow,dmucklow1x@phpbb.com,Agender,Russia,15364 Toban Terrace
71,Wolfie,Dreakin,wdreakin1y@wordpress.com,Bigender,South Korea,09 Summer Ridge Junction
72,Shurlocke,Rozycki,srozycki1z@amazon.co.uk,,China,9 Green Ridge Terrace
73,Kiley,Normanville,knormanville20@accuweather.com,,Portugal,5 Ridge Oak Road
74,Nelie,Issett,nissett21@amazonaws.com,Female,Colombia,7 Donald Road
75,Nathan,Towl,ntowl22@hud.gov,Polygender,Ivory Coast,96295 Boyd Street
76,Donia,Petigrew,dpetigrew23@barnesandnoble.com,,Switzerland,894 Northport Parkway
77,Ede,Thumim,ethumim24@ted.com,Female,China,82099 Cardinal Alley
78,Shurlocke,Siflet,ssiflet25@cargocollective.com,,China,6 Daystar Plaza
79,Geoff,Lay,glay26@tiny.cc,,Philippines,3602 Algoma Drive
80,Carolyn,Sleeny,csleeny27@washington.edu,,Canada,62263 American Ash Crossing
81,Aldric,Ebhardt,aebhardt28@trellian.com,,Indonesia,20485 Doe Crossing Avenue
82,Bathsheba,LLelweln,bllelweln29@opensource.org,Genderfluid,Guinea-Bissau,6488 International Junction
83,Misty,Snodin,msnodin2a@bing.com,Female,China,83 Park Meadow Circle
84,Leticia,Roston,lroston2b@sogou.com,,Ukraine,142 Dryden Way
85,Lorant,Battabee,lbattabee2c@ifeng.com,Bigender,Yemen,9543 Twin Pines Road
86,Tobe,Riddiford,triddiford2d@fema.gov,Bigender,Japan,88968 Porter Avenue
87,Tammi,Giblett,tgiblett2e@zdnet.com,Agender,Indonesia,335 Lake View Drive
88,Bent,Daintith,bdaintith2f@amazon.de,,China,898 Caliangt Alley
89,Magnum,Furlow,mfurlow2g@shop-pro.jp,Genderqueer,Portugal,668 Mockingbird Pass
90,Tedd,Nelane,tnelane2h@sbwire.com,Genderqueer,Saudi Arabia,450 Waubesa Terrace
91,Legra,Berlin,lberlin2i@netvibes.com,,Philippines,852 Thompson Point
92,Lil,Edlin,ledlin2j@bbc.co.uk,,Russia,68628 Lunder Street
93,Mel,Sliman,msliman2k@bloglines.com,Genderqueer,Colombia,94486 Morningstar Road
94,Allis,Foystone,afoystone2l@t.co,Polygender,Indonesia,0 Ludington Point
95,Ninetta,Pistol,npistol2m@mediafire.com,,Sweden,5 Golden Leaf Crossing
96,Feodor,Ellwood,fellwood2n@cdbaby.com,,China,669 Transport Hill
97,Cornelius,Whitehurst,cwhitehurst2o@wiley.com,Female,China,0907 Lerdahl Trail
98,Vanni,Braune,vbraune2p@unesco.org,Female,Brazil,3623 Lakewood Gardens Circle
99,Genia,Bateup,gbateup2q@cnn.com,,Pakistan,31 Knutson Terrace
100,Hyacinthie,Kitlee,hkitlee2r@4shared.com,Agender,Brazil,3311 Tomscot Junction
101,Delores,Poyle,dpoyle2s@livejournal.com,Genderfluid,Costa Rica,94 Old Shore Trail
102,Violante,Sudran,vsudran2t@wikia.com,Genderfluid,France,6 Birchwood Lane
103,Maxine,Alden,malden2u@ted.com,Female,Philippines,3 Mockingbird Avenue
104,Nerty,Adne,nadne2v@ebay.com,Agender,Malaysia,7 Kinsman Avenue
105,Colby,Chaikovski,,,Afghanistan,50 Texas Drive
106,Kellen,Robertshaw,krobertshaw2x@ebay.com,Agender,Indonesia,338 Warner Junction
107,Siffre,Martyns,smartyns2y@goo.gl,,Peru,5217 Washington Road
108,Ryun,Tarbett,rtarbett2z@comcast.net,,Russia,1572 Shasta Pass
109,Pedro,Shotboult,pshotboult30@buzzfeed.com,Female,China,60 Petterle Point
110,Nickolas,Firman,nfirman31@tamu.edu,Non-binary,Zambia,71614 7th Alley
111,Prentiss,Coopey,pcoopey32@liveinternet.ru,Female,Philippines,88914 Ridgeview Terrace
112,Camille,Aicheson,caicheson33@nydailynews.com,Male,Colombia,0852 Bultman Crossing
113,Kylila,Furmagier,kfurmagier34@icq.com,Polygender,Palestinian Territory,530 Northfield Road
114,Keelby,Woosnam,kwoosnam35@unblog.fr,Polygender,Armenia,1 Sunnyside Park
115,Tori,Humber,thumber36@nymag.com,Genderfluid,Venezuela,3609 Upham Pass
116,Laraine,Rabier,lrabier37@ihg.com,,Poland,090 Blue Bill Park Way
117,Hulda,Lashmar,hlashmar38@tripod.com,Agender,Armenia,743 Gale Terrace
118,Rafaela,Adamik,radamik39@chronoengine.com,,Indonesia,4 Hoffman Lane
119,Merell,Manolov,mmanolov3a@bravesites.com,,China,431 Jenifer Center
120,Elvyn,de Amaya,edeamaya3b@list-manage.com,Male,Philippines,9 Transport Terrace
121,Magda,Barnham,mbarnham3c@sitemeter.com,Polygender,Canada,953 Daystar Place
122,Orville,Palfery,opalfery3d@vk.com,,Russia,16003 Helena Way
123,Alfonse,Beaves,abeaves3e@plala.or.jp,Non-binary,Czech Republic,044 Del Sol Lane
124,Eduino,Miskin,emiskin3f@studiopress.com,,Portugal,6085 Lien Crossing
125,Wolfy,Guidotti,wguidotti3g@businessweek.com,,United States,4 Monica Park
126,Trude,Champkin,tchampkin3h@utexas.edu,,Indonesia,2 Eastwood Crossing
127,Deanna,Morville,dmorville3i@yandex.ru,,Russia,49 Miller Parkway
128,Martha,Casajuana,mcasajuana3j@statcounter.com,,Mauritius,34 Oak Valley Trail
129,Cherrita,Jerwood,cjerwood3k@sciencedaily.com,Agender,New Zealand,9244 Clyde Gallagher Hill
130,Seka,Elcott,selcott3l@ftc.gov,,Netherlands,97 Sundown Alley
131,Cleavland,Batters,cbatters3m@dot.gov,,Indonesia,2 Troy Way
132,Hester,Petracci,hpetracci3n@myspace.com,Non-binary,Portugal,18 Johnson Avenue
133,Hunt,Cawse,hcawse3o@cyberchimps.com,,Tajikistan,66 Walton Street
134,Noella,Parnby,nparnby3p@bing.com,Female,Brazil,8366 Maryland Hill
135,Marcelline,Haggerwood,mhaggerwood3q@tripod.com,,Paraguay,81 Scott Circle
136,Dorise,Orleton,dorleton3r@odnoklassniki.ru,,Yemen,00555 Killdeer Drive
137,Marylin,McGonigal,mmcgonigal3s@simplemachines.org,,Malta,631 Harper Center
138,Terese,Alabastar,talabastar3t@twitter.com,Genderfluid,Brazil,44 Comanche Hill
139,Allen,Hinz,ahinz3u@wufoo.com,Genderfluid,Russia,99 Raven Place
140,Simone,Shortin,sshortin3v@homestead.com,,China,593 Northfield Park
141,Izzy,Mulderrig,imulderrig3w@plala.or.jp,,China,1 Golf View Lane
142,Aundrea,Dolphin,adolphin3x@stanford.edu,,France,3104 Bultman Drive
143,Rice,Holgan,rholgan3y@cdc.gov,Agender,Colombia,030 Kings Circle
144,Vinita,Mcwhinney,vmcwhinney3z@spiegel.de,Genderfluid,Vietnam,17 Hoepker Trail
145,Bryn,Nimmo,bnimmo40@mashable.com,Genderfluid,Sweden,74 Roth Center
146,Darice,Blaes,dblaes41@google.de,,Zimbabwe,088 Red Cloud Street
147,Chrissie,Duffan,cduffan42@about.me,,Czech Republic,73800 Longview Lane
148,La verne,Smeeton,lsmeeton43@xinhuanet.com,Non-binary,China,636 Linden Way
149,Graehme,Simeoni,gsimeoni44@parallels.com,,Philippines,81884 Nobel Road
150,Malynda,Darkins,mdarkins45@examiner.com,Polygender,Poland,82 Fairfield Point
151,Nadean,Corinton,,,Greece,10 Sycamore Center
152,Amara,Tarpey,atarpey47@elpais.com,,Myanmar,621 Riverside Court
153,Ruprecht,Bridgett,rbridgett48@netlog.com,,China,52 Tennessee Trail
154,Bernice,Leader,bleader49@histats.com,Polygender,Peru,9919 East Drive
155,Karie,Lenney,klenney4a@oakley.com,,Spain,7955 Melody Street
156,Freddie,Routhorn,frouthorn4b@blogtalkradio.com,,Portugal,63606 7th Place
157,Raina,Byrcher,rbyrcher4c@macromedia.com,,Philippines,852 Muir Way
158,Ellwood,McAllister,emcallister4d@dyndns.org,Genderfluid,Mexico,7331 Center Terrace
159,Karlee,Toten,ktoten4e@businessinsider.com,Male,China,5568 Bobwhite Center
160,Tarah,Causier,tcausier4f@gnu.org,Female,Indonesia,26 Sloan Trail
161,Ines,Pairpoint,ipairpoint4g@wikispaces.com,Genderqueer,China,8781 Buell Drive
162,Alexis,Burdikin,aburdikin4h@hao123.com,,China,8 Donald Hill
163,Brooks,Behn,bbehn4i@amazon.de,Genderqueer,Peru,755 Basil Avenue
164,Bradly,Prestedge,bprestedge4j@bing.com,Genderqueer,Germany,976 Meadow Ridge Crossing
165,Erinna,Shafier,eshafier4k@oaic.gov.au,Bigender,Indonesia,0 Forest Run Trail
166,Eldin,Lotze,elotze4l@apple.com,Female,Philippines,659 Old Shore Place
167,Isac,McKiddin,imckiddin4m@cam.ac.uk,Genderqueer,Pakistan,90413 Transport Park
168,Marlon,Luscott,mluscott4n@weibo.com,,Russia,6 Norway Maple Hill
169,Greggory,Kerley,gkerley4o@home.pl,,Philippines,58 Jay Court
170,Sammy,Stiddard,sstiddard4p@exblog.jp,,Ukraine,6 Blackbird Trail
171,Rasla,Woodhall,,,Philippines,44639 Acker Court
172,Erna,Faill,,Genderfluid,Nigeria,8 Express Place
173,Noni,Brito,nbrito4s@wix.com,Polygender,Zambia,1384 Lyons Center
174,Ninnetta,Clerke,nclerke4t@youku.com,,Sweden,76 Eastwood Way
175,Jonie,Monkleigh,,,China,173 Schiller Park
176,Hubert,Alejandri,,Genderqueer,Portugal,8 Prentice Drive
177,Avie,Filippov,afilippov4w@trellian.com,Genderfluid,Indonesia,05 Division Hill
178,Kerry,Dady,kdady4x@arstechnica.com,,China,115 Gerald Crossing
179,Nalani,de Chastelain,ndechastelain4y@indiegogo.com,Agender,Netherlands,9764 Jackson Alley
180,Cordi,Pogson,cpogson4z@over-blog.com,Genderqueer,Nigeria,7 Eggendart Place
181,Zebulon,Swaden,zswaden50@google.de,Bigender,Indonesia,42 Division Road
182,Ric,Marley,rmarley51@sciencedirect.com,,Canada,14 Monument Road
183,Mina,Farlamb,,,Czech Republic,5 Arapahoe Terrace
184,Kameko,Bricham,kbricham53@csmonitor.com,Agender,Japan,95 Fisk Terrace
185,Lief,Vasilyev,,Genderfluid,Sweden,30380 Roth Parkway
186,Maybelle,Frill,mfrill55@indiegogo.com,,Philippines,4961 Hansons Street
187,Freddy,Dmitrievski,fdmitrievski56@biglobe.ne.jp,Genderfluid,China,81219 Commercial Avenue
188,Urban,Edmonstone,uedmonstone57@tripod.com,Genderfluid,Brazil,984 Ryan Court
189,Sarette,Flaws,sflaws58@creativecommons.org,Agender,Bolivia,4 Rockefeller Point
190,Stinky,Allington,sallington59@cdc.gov,Genderfluid,Papua New Guinea,53160 New Castle Crossing
191,Lonee,Cogzell,lcogzell5a@tinyurl.com,Bigender,France,5 Magdeline Trail
192,Brnaba,Hedau,bhedau5b@moonfruit.com,Genderfluid,Netherlands,91284 Dunning Drive
193,Hodge,Field,,,Morocco,8 Raven Plaza
194,Abelard,Corradino,acorradino5d@ustream.tv,,Poland,539 Blackbird Pass
195,Nikos,Driscoll,ndriscoll5e@lycos.com,,China,54 Sutherland Point
196,Lorant,Brandt,lbrandt5f@xing.com,Non-binary,Zimbabwe,3 Farragut Hill
197,Brit,Pollard,bpollard5g@bravesites.com,Genderfluid,Serbia,08 Dunning Way
198,Shellysheldon,Keymer,skeymer5h@issuu.com,Female,Serbia,05302 School Junction
199,Stace,Kleinhandler,skleinhandler5i@sogou.com,Male,Lebanon,3 Elka Plaza
200,Kayla,Shevell,kshevell5j@nytimes.com,Genderfluid,Germany,73 Thierer Alley
201,Kerry,Perks,kperks5k@va.gov,Bigender,Croatia,5759 High Crossing Lane
202,Weylin,Witul,wwitul5l@globo.com,,Germany,5414 6th Hill
203,Dal,Capner,dcapner5m@reddit.com,Non-binary,Sweden,6 Surrey Trail
204,Colas,Ker,cker5n@amazonaws.com,Agender,Japan,1923 Riverside Terrace
205,Alyss,Jeanet,ajeanet5o@hostgator.com,,Japan,180 8th Park
206,Bald,Colquhoun,,,United States,296 Blackbird Street
207,Laurie,Claesens,lclaesens5q@sun.com,Female,China,231 Emmet Pass
208,Petronilla,Birwhistle,pbirwhistle5r@discovery.com,Polygender,Indonesia,414 Victoria Alley
209,Karina,Russam,krussam5s@pagesperso-orange.fr,Male,Latvia,25197 Novick Drive
210,Cosetta,Tine,ctine5t@miibeian.gov.cn,Bigender,Russia,246 Loomis Junction
211,Kippy,Abys,,,Brazil,82359 Lakewood Alley
212,Trenna,Kitchenman,,Agender,Israel,11664 Dovetail Drive
213,Rozalie,Elton,relton5w@php.net,,Brazil,58 Huxley Avenue
214,Arlena,Seiller,aseiller5x@chronoengine.com,,China,2 Hermina Lane
215,Willetta,Grevatt,wgrevatt5y@flavors.me,,Poland,87760 Maple Wood Drive
216,Camala,Longcake,,,China,2 Mesta Park
217,Karilynn,Sawdon,ksawdon60@oracle.com,Female,China,77 Heffernan Point
218,Hildegaard,Oscroft,hoscroft61@nasa.gov,Agender,Brazil,18708 Oak Valley Avenue
219,Dennet,Bril,dbril62@ihg.com,,Malawi,88349 Manitowish Alley
220,Clive,Maron,,Genderfluid,Russia,49030 Washington Parkway
221,Jobey,Altree,jaltree64@oakley.com,,France,510 Express Trail
222,Kirby,Foucher,,,France,63 Hoepker Street
223,Nathan,Strewthers,nstrewthers66@dropbox.com,,Jamaica,813 North Plaza
224,Vannie,Gosz,,Polygender,China,9 Barby Street
225,Susanne,Kedie,skedie68@addtoany.com,Genderqueer,Tunisia,95 Sauthoff Center
226,Broddie,Cleal,bcleal69@google.nl,,Ecuador,67742 Truax Hill
227,Wolf,Blackham,wblackham6a@jiathis.com,,Indonesia,9098 Clemons Terrace
228,Rancell,Spafford,rspafford6b@exblog.jp,,Libya,19385 Mariners Cove Avenue
229,Ellynn,Delves,edelves6c@craigslist.org,Genderqueer,Poland,1165 Cambridge Terrace
230,Casi,Queripel,cqueripel6d@newsvine.com,Agender,Guadeloupe,11541 Dexter Crossing
231,Aleta,Slocumb,aslocumb6e@reuters.com,,Indonesia,3 Melby Hill
232,Chane,Windmill,cwindmill6f@instagram.com,,Niger,20 Butternut Circle
233,Pavlov,Swindon,pswindon6g@blogspot.com,,Indonesia,9052 Barby Avenue
234,Cheston,Orr,corr6h@wikimedia.org,,Ecuador,27636 Lighthouse Bay Drive
235,Wright,Beeby,wbeeby6i@pagesperso-orange.fr,Non-binary,Botswana,5167 Pond Parkway
236,Bree,Moffat,bmoffat6j@yahoo.com,Male,Ukraine,700 Johnson Alley
237,Nat,Audritt,naudritt6k@ucoz.ru,Male,Poland,5 Briar Crest Alley
238,Adriena,Probyn,aprobyn6l@google.com.hk,,Colombia,25871 Pepper Wood Pass
239,Marrilee,Hallows,mhallows6m@java.com,,Peru,2018 Westend Junction
240,Ana,Hufton,ahufton6n@marketwatch.com,,China,46186 International Way
241,Galvin,Labat,glabat6o@reference.com,,Bolivia,4608 Prentice Terrace
242,Armand,Bothie,abothie6p@cdc.gov,,China,09 Quincy Park
243,Regina,Storek,rstorek6q@surveymonkey.com,Female,Kazakhstan,2512 Golden Leaf Trail
244,Zeke,Got,zgot6r@nifty.com,Female,China,580 Hooker Hill
245,Marcel,Maciejak,mmaciejak6s@rambler.ru,Non-binary,Egypt,17011 Thompson Junction
246,Jordon,Stannering,jstannering6t@naver.com,Genderqueer,Honduras,37497 Bunker Hill Hill
247,Sibilla,Shillaber,sshillaber6u@myspace.com,,Malaysia,0802 Vidon Terrace
248,Denys,Alps,dalps6v@yolasite.com,Genderqueer,Brazil,76 David Way
249,Lorain,Shergold,lshergold6w@theatlantic.com,Genderfluid,Portugal,2 Mesta Crossing
250,Daron,Snary,dsnary6x@nationalgeographic.com,Agender,Netherlands,62354 Morningstar Crossing
251,Debee,Bispo,dbispo6y@netlog.com,Female,France,5 Longview Junction
252,Albina,Mertin,,,Nigeria,5 Bellgrove Alley
253,Sherye,Blanchette,sblanchette70@google.nl,Male,Indonesia,16 Browning Avenue
254,Farr,Holtum,fholtum71@icq.com,,Indonesia,5114 Spohn Lane
255,Nikita,Brackenridge,nbrackenridge72@blogger.com,,France,0 Reinke Terrace
256,Wilmette,Hamor,whamor73@spiegel.de,,Indonesia,3 Iowa Plaza
257,Conny,Tynan,ctynan74@indiegogo.com,Bigender,Finland,8 Burning Wood Center
258,Bette-ann,Axston,baxston75@abc.net.au,,Colombia,63760 Pawling Drive
259,Dana,McGorley,dmcgorley76@sitemeter.com,Genderfluid,Russia,31 Dottie Road
260,Malcolm,Jessope,mjessope77@unicef.org,,Sweden,053 Rutledge Hill
261,Camille,Olner,colner78@hugedomains.com,,Israel,2 Mallard Point
262,Huntington,Shipsey,hshipsey79@over-blog.com,Non-binary,United States,30 Schurz Place
263,Jennifer,Bazely,jbazely7a@liveinternet.ru,Genderfluid,China,5 Dryden Pass
264,Rose,Greg,rgreg7b@delicious.com,Bigender,Indonesia,32718 David Road
265,Moselle,Storey,mstorey7c@europa.eu,Genderfluid,Ukraine,21143 Summit Junction
266,Ingram,Eastway,ieastway7d@tuttocitta.it,Genderfluid,China,567 Delladonna Terrace
267,Baryram,Mollene,bmollene7e@360.cn,Non-binary,Myanmar,7 Farmco Crossing
268,Filbert,Ferrino,fferrino7f@slashdot.org,Bigender,China,3 Thackeray Court
269,Dale,Lemoir,dlemoir7g@ftc.gov,,Costa Rica,34 Dwight Alley
270,Sibyl,Chowne,schowne7h@sciencedirect.com,,Canada,292 Canary Drive
271,Pansie,Tipens,ptipens7i@alibaba.com,Agender,Sweden,0 Atwood Center
272,Marta,Ghiriardelli,mghiriardelli7j@oaic.gov.au,Male,Philippines,03250 Melody Terrace
273,Sile,Sprake,ssprake7k@123-reg.co.uk,,Indonesia,7191 Gulseth Street
274,Torre,Fortnon,,,Serbia,5 Graedel Pass
275,Nat,Peacop,npeacop7m@si.edu,,Indonesia,60257 Kipling Terrace
276,Dale,Queree,dqueree7n@tmall.com,Polygender,Russia,05 Lakewood Gardens Hill
277,Lucius,Marklund,lmarklund7o@php.net,,Argentina,23 Packers Road
278,Patton,Richardes,prichardes7p@fotki.com,,Honduras,89915 Cardinal Hill
279,Wilden,Lawford,wlawford7q@arizona.edu,Agender,Uruguay,9 Bartelt Trail
280,Bibi,Mousby,,Polygender,China,71 Blaine Alley
281,Susi,Niaves,,,Greece,07880 Ridge Oak Park
282,Nicholle,Delooze,ndelooze7t@nytimes.com,Female,Indonesia,68 Evergreen Alley
283,Kelsey,Origin,,Genderqueer,Philippines,50976 Fallview Crossing
284,Boniface,Luberto,bluberto7v@stumbleupon.com,Bigender,Honduras,00 Bowman Park
285,Mechelle,Eck,meck7w@narod.ru,,Mexico,5 Green Ridge Pass
286,Dall,Gotecliffe,dgotecliffe7x@dyndns.org,Agender,Albania,65 Wayridge Lane
287,Keelia,Vondruska,kvondruska7y@amazonaws.com,Genderfluid,Brazil,9 Bartillon Avenue
288,Kinna,Dominique,,,Indonesia,4 Maple Drive
289,Lennard,Bazell,lbazell80@whitehouse.gov,Genderfluid,China,58 Susan Alley
290,Mareah,Pimblotte,mpimblotte81@census.gov,Non-binary,Indonesia,4901 Oakridge Terrace
291,Gaby,Doogan,gdoogan82@yolasite.com,,Indonesia,43 Nevada Avenue
292,Cristian,Januszkiewicz,cjanuszkiewicz83@squarespace.com,,Bangladesh,70688 Parkside Plaza
293,Joye,Ren,jren84@tuttocitta.it,Genderfluid,China,900 Brentwood Road
294,Rudolf,Ginnety,rginnety85@bizjournals.com,Male,Russia,5 Hanson Trail
295,D'arcy,Mattingley,dmattingley86@yale.edu,,China,8459 Dawn Pass
296,Talya,Kilbey,tkilbey87@mlb.com,Genderqueer,Nigeria,56 Lighthouse Bay Center
297,Clair,Paulazzi,cpaulazzi88@php.net,Male,Philippines,344 Packers Hill
298,Jana,Woolard,jwoolard89@nasa.gov,,Germany,3727 Northwestern Way
299,Monah,Moorman,mmoorman8a@nasa.gov,,Lithuania,940 Ilene Point
300,Alexi,Raddon,araddon8b@xrea.com,Male,Mauritius,29 Bonner Circle
301,Vicky,MacMakin,vmacmakin8c@aol.com,Non-binary,United States,1 Valley Edge Terrace
302,Katrinka,Cyster,kcyster8d@ucsd.edu,,China,27996 Macpherson Court
303,Wilona,Shipton,wshipton8e@w3.org,,Cuba,7376 Forest Street
304,Vivi,Walch,vwalch8f@zimbio.com,,Malaysia,8031 Hazelcrest Circle
305,Adriena,Ganter,aganter8g@desdev.cn,,Thailand,26 American Pass
306,Sharron,Asel,sasel8h@exblog.jp,,South Korea,0 Porter Place
307,Berny,Packe,bpacke8i@hud.gov,Bigender,Czech Republic,01 Welch Junction
308,Giovanni,Krysztowczyk,gkrysztowczyk8j@nationalgeographic.com,Polygender,Philippines,5 Meadow Vale Street
309,Cassius,Aleavy,,Non-binary,China,2076 Warner Hill
310,Talia,Devenny,tdevenny8l@sun.com,Polygender,Indonesia,3 Mesta Junction
311,Caryl,Hallford,,,Costa Rica,5659 Park Meadow Terrace
312,Lucine,Wiggans,lwiggans8n@independent.co.uk,,Honduras,84 Anderson Plaza
313,Gerrie,Gadault,ggadault8o@seattletimes.com,,South Africa,1 South Court
314,Mata,Wisker,mwisker8p@un.org,Genderfluid,Brazil,01975 Eastlawn Way
315,Sybille,Kemston,skemston8q@google.cn,,Sweden,55 High Crossing Pass
316,Eadith,Meindl,emeindl8r@tmall.com,Agender,Norway,01 Northridge Alley
317,Farris,Fillis,ffillis8s@walmart.com,Agender,Philippines,424 Cody Pass
318,Felicity,Vasilischev,fvasilischev8t@home.pl,Non-binary,Portugal,48 Springs Way
319,Natividad,Phinn,nphinn8u@ihg.com,Agender,United States,38 Merchant Way
320,Juliann,Frostdicke,jfrostdicke8v@elpais.com,Male,Russia,47419 Helena Crossing
321,Nester,Burrow,nburrow8w@pcworld.com,Genderqueer,Brazil,05007 Bashford Lane
322,Jobyna,Nesbit,jnesbit8x@wufoo.com,,Burundi,5 Packers Drive
323,Marni,Pawden,mpawden8y@ebay.com,,Indonesia,626 1st Crossing
324,Yvette,Anstey,yanstey8z@blinklist.com,,Philippines,58 Mendota Drive
325,Ignacio,Kempton,,,China,95 Red Cloud Junction
326,Homere,Brimacombe,hbrimacombe91@wikia.com,Female,Israel,76833 Caliangt Lane
327,Seamus,Brandi,sbrandi92@canalblog.com,Genderfluid,France,4672 Forest Run Way
328,Errick,Marcam,emarcam93@phpbb.com,Polygender,Czech Republic,6 Welch Street
329,Padget,Tippett,ptippett94@utexas.edu,Bigender,France,56124 Fisk Parkway
330,Vanny,Shearwood,vshearwood95@adobe.com,Genderfluid,Russia,67563 West Trail
331,Faulkner,Keech,fkeech96@timesonline.co.uk,,Philippines,55 Darwin Point
332,Jessee,Lusher,jlusher97@yellowpages.com,Male,Poland,91 Acker Crossing
333,Danni,Grimoldby,dgrimoldby98@miibeian.gov.cn,,Indonesia,33 Shelley Crossing
334,Pamela,Lanfranconi,,Agender,Philippines,0830 Lillian Crossing
335,Wilhelm,Ewbach,,Polygender,Philippines,3 Forest Dale Park
336,Amity,Goodier,agoodier9b@vimeo.com,Non-binary,Indonesia,6 Milwaukee Way
337,Phip,Rowling,prowling9c@hao123.com,,Armenia,197 Corben Crossing
338,Hedi,Le Houx,hlehoux9d@yale.edu,Female,Comoros,67773 Armistice Avenue
339,Gerri,Pennazzi,gpennazzi9e@smugmug.com,Male,Russia,28 Sundown Street
340,Griffin,Ferguson,gferguson9f@gnu.org,Genderfluid,Afghanistan,815 Karstens Street
341,Arlan,Rolfo,arolfo9g@goodreads.com,,Brazil,2400 Crest Line Crossing
342,Vasily,Skeels,,,China,89143 Nancy Trail
343,Ibrahim,Wraggs,iwraggs9i@diigo.com,Genderqueer,Sweden,9 Clemons Court
344,Frans,Cowles,fcowles9j@wikispaces.com,Genderfluid,Laos,63 Everett Street
345,Robbi,Minnock,,,Peru,0939 Bartelt Crossing
346,Christy,Cordelet,ccordelet9l@ted.com,Agender,Philippines,46 Sachtjen Circle
347,Emmalyn,Corssen,ecorssen9m@bandcamp.com,Male,China,1 Burrows Way
348,Marieann,Brumble,mbrumble9n@google.ca,Agender,Russia,61 Superior Plaza
349,Bayard,Davinet,bdavinet9o@businessweek.com,,Russia,3046 Buena Vista Circle
350,Legra,Tingcomb,ltingcomb9p@engadget.com,Non-binary,Finland,461 Moose Avenue
351,Ame,Mildenhall,amildenhall9q@businessinsider.com,,Indonesia,552 Mallard Road
352,Durante,Gillopp,dgillopp9r@unesco.org,,Kazakhstan,939 Village Plaza
353,Abran,Ewdale,aewdale9s@yandex.ru,,China,28 Acker Court
354,Briano,Luebbert,bluebbert9t@myspace.com,Male,Indonesia,674 Luster Junction
355,Yves,Wagon,ywagon9u@stanford.edu,,Japan,40 Hermina Circle
356,Lemmy,Coushe,lcoushe9v@github.io,Female,Brazil,276 1st Lane
357,Herold,Flann,,Bigender,Indonesia,98 North Avenue
358,Cornie,Grabb,cgrabb9x@sfgate.com,Male,China,645 Gerald Alley
359,Liz,Kubala,lkubala9y@forbes.com,Female,South Korea,3 Judy Drive
360,Ellynn,Riddiough,eriddiough9z@usnews.com,Non-binary,South Korea,00951 Sundown Drive
361,Cesar,Gowling,cgowlinga0@feedburner.com,Genderfluid,Azerbaijan,0 Memorial Junction
362,Oliy,Brayn,,Male,Poland,7135 Bellgrove Trail
363,Alexina,Brandham,abrandhama2@sourceforge.net,,Poland,544 Brickson Park Avenue
364,Adore,Tandy,atandya3@constantcontact.com,,Germany,822 Becker Crossing
365,Normand,Dashwood,ndashwooda4@addtoany.com,,China,71 Corscot Parkway
366,Sandy,Dalby,,,Angola,4 Warbler Point
367,Stormie,Bartali,sbartalia6@psu.edu,Bigender,Indonesia,6103 Holy Cross Lane
368,Mil,Wicher,mwichera7@wisc.edu,,Colombia,53 Lillian Park
369,Willabella,Pickvance,wpickvancea8@dell.com,Female,China,9471 Brickson Park Trail
370,Evan,Carnegie,,,Portugal,446 Everett Parkway
371,Elmo,McGinny,emcginnyaa@bing.com,,Brazil,6 Mendota Court
372,Justinian,Van de Castele,jvandecasteleab@technorati.com,Genderfluid,France,601 Manufacturers Drive
373,Alvin,Shobrook,ashobrookac@columbia.edu,Bigender,Poland,35776 Hermina Circle
374,Mignonne,Ivachyov,mivachyovad@dailymotion.com,Male,China,51 Steensland Hill
375,Zeke,Hatrey,zhatreyae@samsung.com,,Nigeria,88 Miller Hill
376,Rodi,Maureen,rmaureenaf@myspace.com,Agender,Indonesia,09546 Pennsylvania Park
377,Mason,Muckle,mmuckleag@senate.gov,,China,291 Emmet Terrace
378,Sharona,Bevens,sbevensah@samsung.com,Bigender,Tanzania,18016 Superior Parkway
379,Geordie,Maffione,gmaffioneai@e-recht24.de,,Philippines,02 New Castle Crossing
380,Susanna,Kelley,skelleyaj@scribd.com,Genderqueer,Indonesia,953 Vidon Terrace
381,Shir,Macci,smacciak@1688.com,Male,Ukraine,3 Eliot Junction
382,Carmella,Matiashvili,cmatiashvilial@bbc.co.uk,,Poland,69485 Upham Circle
383,Antonio,Scruton,ascrutonam@skype.com,Genderfluid,Sweden,77214 Rieder Place
384,Kipp,Devall,kdevallan@reuters.com,,Canada,5 Merry Drive
385,Gabrielle,Seedman,gseedmanao@aol.com,Bigender,Russia,52472 Reinke Lane
386,Luther,Everix,leverixap@gizmodo.com,,Brazil,26962 Eagan Parkway
387,Garey,Grissett,ggrissettaq@mail.ru,,China,9 Eliot Pass
388,Juliet,Harriss,jharrissar@house.gov,Female,Guatemala,28740 Jana Lane
389,Hallie,Jehu,hjehuas@vinaora.com,,South Africa,83771 Dryden Parkway
390,Kayle,Sympson,ksympsonat@slashdot.org,Agender,China,20 Commercial Terrace
391,Connie,Rowlson,crowlsonau@nyu.edu,,Poland,56100 Moose Parkway
392,Dionne,Boole,dbooleav@nba.com,Agender,Serbia,63024 Nobel Point
393,Ara,McTrustie,amctrustieaw@squarespace.com,Non-binary,United States,1060 Pankratz Alley
394,Lilla,Losseljong,llosseljongax@jiathis.com,,China,697 Pine View Road
395,Der,Forrest,dforrestay@google.com.br,Non-binary,Indonesia,8 Mallory Plaza
396,Dorisa,Sprakes,dsprakesaz@github.com,,China,0 Kropf Street
397,Faber,Clemerson,fclemersonb0@youku.com,,France,888 Bultman Court
398,Fannie,Alfonsetti,falfonsettib1@dailymail.co.uk,,Indonesia,39529 Hermina Pass
399,Tommie,Cosby,tcosbyb2@plala.or.jp,Male,China,4 Village Green Crossing
400,Minda,Thrasher,mthrasherb3@example.com,Genderqueer,Venezuela,01 Commercial Pass
401,Rory,Stallion,rstallionb4@altervista.org,Non-binary,Afghanistan,8524 Comanche Court
402,Teriann,Thomke,tthomkeb5@miitbeian.gov.cn,,Nicaragua,761 Bayside Pass
403,Giovanna,Ughelli,gughellib6@prlog.org,Polygender,Tunisia,96 Ryan Center
404,Law,Sabathier,lsabathierb7@yellowpages.com,Polygender,Poland,315 Schurz Pass
405,Valera,Myles,vmylesb8@cargocollective.com,Bigender,Czech Republic,8146 Annamark Point
406,Corena,Horsewood,chorsewoodb9@fema.gov,Non-binary,China,33 Basil Way
407,Collie,Garmanson,cgarmansonba@joomla.org,Non-binary,China,27 3rd Drive
408,Kaspar,Vennings,kvenningsbb@1688.com,Genderfluid,Poland,87 Hagan Park
409,Shaun,Denham,sdenhambc@vkontakte.ru,Agender,China,5 Wayridge Lane
410,Shoshanna,Kilrow,skilrowbd@alibaba.com,Male,Indonesia,6389 Laurel Parkway
411,Ara,Riveles,arivelesbe@wikia.com,Bigender,Philippines,75804 Stone Corner Street
412,Bathsheba,Pendrey,bpendreybf@reverbnation.com,Non-binary,Indonesia,660 Porter Park
413,Andy,Kitchingman,akitchingmanbg@hp.com,,South Korea,2 Oxford Road
414,Nil,Myerscough,nmyerscoughbh@china.com.cn,,Indonesia,9 Michigan Circle
415,Pincas,Cowperthwaite,pcowperthwaitebi@unesco.org,,Vietnam,102 Eliot Circle
416,Edita,Remer,eremerbj@shutterfly.com,,Vietnam,5 Kenwood Circle
417,Krishnah,Jursch,kjurschbk@cisco.com,,Indonesia,95421 Eagan Junction
418,Emmey,Rayner,eraynerbl@macromedia.com,,Brazil,39691 Farwell Junction
419,Piotr,Segges,pseggesbm@microsoft.com,,United States,51476 Clarendon Court
420,Haydon,Rae,hraebn@stumbleupon.com,,Canada,2160 Mandrake Drive
421,Bendite,McFeate,bmcfeatebo@free.fr,Non-binary,China,64 Dawn Court
422,Madelene,Domengue,mdomenguebp@mlb.com,Bigender,Brazil,6 Moose Place
423,Leonie,Mercey,lmerceybq@barnesandnoble.com,,Canada,99 Harbort Place
424,Doralynn,Hatrick,dhatrickbr@jalbum.net,,Guatemala,589 Kensington Place
425,Jean,Philipsen,jphilipsenbs@ibm.com,,Cuba,78975 South Alley
426,Sanderson,Wontner,swontnerbt@bbb.org,Non-binary,Russia,3623 Kipling Park
427,Riane,Edson,redsonbu@answers.com,Genderfluid,Indonesia,6 Bartillon Hill
428,Griffith,Hallwell,ghallwellbv@pbs.org,Bigender,Mexico,43 Village Green Drive
429,Hanny,Harle,hharlebw@elegantthemes.com,Bigender,Ukraine,52 Grim Street
430,Euphemia,Withinshaw,ewithinshawbx@joomla.org,,Colombia,23813 Homewood Place
431,Marin,Peabody,mpeabodyby@pinterest.com,Genderqueer,Azerbaijan,496 Northland Hill
432,Revkah,Eger,regerbz@icio.us,,France,42 Thompson Way
433,Ambrosi,Feldbau,afeldbauc0@fc2.com,Agender,China,72197 Hoffman Street
434,Kimberley,Foulger,kfoulgerc1@pinterest.com,Bigender,China,65339 Monterey Center
435,Rockwell,Cortes,rcortesc2@photobucket.com,,Tonga,6786 Eagan Crossing
436,Dorothy,Pietrusiak,dpietrusiakc3@behance.net,Agender,China,67005 Truax Court
437,Cleve,Langland,clanglandc4@mtv.com,,Poland,0 Badeau Parkway
438,Ennis,Shera,esherac5@moonfruit.com,Genderfluid,Peru,1 Westerfield Junction
439,Farlee,Portal,fportalc6@rambler.ru,,Colombia,96 Emmet Circle
440,Justinian,Juden,jjudenc7@gnu.org,Genderfluid,Nigeria,83430 Tomscot Circle
441,Conway,McGill,cmcgillc8@skype.com,Female,Georgia,81447 Utah Hill
442,Riva,Alloisi,ralloisic9@newyorker.com,Female,Colombia,5013 Bay Crossing
443,Husein,Ricciardi,hricciardica@themeforest.net,,Albania,23980 Truax Circle
444,Lief,Goodyear,lgoodyearcb@disqus.com,Female,South Africa,63 Stephen Drive
445,Husain,Bould,hbouldcc@digg.com,Genderfluid,Poland,118 Hauk Trail
446,Onfre,Epp,oeppcd@fema.gov,Agender,Russia,3523 Magdeline Place
447,Odo,Cullington,ocullingtonce@discuz.net,Non-binary,Guam,40 Pepper Wood Road
448,Letizia,Amer,lamercf@wix.com,,Russia,1 Westridge Hill
449,Mischa,Lines,mlinescg@rediff.com,Male,Canada,848 Truax Junction
450,Elka,Musker,emuskerch@behance.net,,Indonesia,82749 Vermont Terrace
451,Jodi,Winspar,,,Japan,8155 Roxbury Drive
452,Marleen,Bore,mborecj@hibu.com,,Thailand,45 Rigney Center
453,Norene,McMeekan,nmcmeekanck@delicious.com,Agender,Albania,16784 Cardinal Court
454,Goldia,Gannaway,ggannawaycl@instagram.com,,Poland,3 Vera Pass
455,Padraic,Hansley,phansleycm@google.de,,Philippines,86249 Warrior Drive
456,Noreen,Gloster,nglostercn@netvibes.com,Female,Venezuela,5 Monica Terrace
457,Sabine,Eastwell,,,China,3419 Memorial Alley
458,Nell,Knowlton,nknowltoncp@statcounter.com,,Moldova,77 Myrtle Terrace
459,Kristian,McLenaghan,kmclenaghancq@aboutads.info,Genderfluid,Philippines,3 Anzinger Court
460,Mylo,Danilchev,mdanilchevcr@aboutads.info,,Philippines,92 Weeping Birch Terrace
461,Kelcy,Sterndale,ksterndalecs@nyu.edu,,Netherlands,5384 Warrior Alley
462,Manuel,Egleton,megletonct@google.com,Female,Indonesia,6 Mandrake Center
463,Aundrea,Burfoot,aburfootcu@army.mil,Non-binary,Lebanon,40 Fieldstone Park
464,Buffy,Linnane,blinnanecv@walmart.com,,Egypt,89230 Thackeray Street
465,Eimile,Nethercott,enethercottcw@harvard.edu,Genderfluid,China,74987 Superior Avenue
466,Wolf,Munslow,wmunslowcx@simplemachines.org,Bigender,Ukraine,3 Delaware Hill
467,Clara,Grissett,cgrissettcy@webnode.com,Bigender,Germany,8206 Lotheville Road
468,Shaylah,Coade,,Male,Czech Republic,26 Bartillon Point
469,Mignon,O'Halloran,,,Argentina,61429 Mitchell Point
470,Hakim,Blakey,,,South Africa,5251 Prentice Pass
471,Vito,Hove,vhoved2@dailymail.co.uk,Female,United States,8806 Katie Court
472,Sabina,McCunn,smccunnd3@wufoo.com,,Portugal,33267 Crescent Oaks Lane
473,Ellery,Liggens,eliggensd4@qq.com,,Nigeria,0 Hayes Parkway
474,Sully,Twentyman,stwentymand5@dailymail.co.uk,Male,Philippines,25 Hansons Lane
475,Serena,Radbourn,sradbournd6@domainmarket.com,,Russia,9389 Manitowish Court
476,Hyacinthe,Lennox,,,China,644 Duke Way
477,Terry,Kilduff,tkilduffd8@hugedomains.com,,Brazil,3874 Messerschmidt Crossing
478,Jayme,O'Riordan,joriordand9@theatlantic.com,,China,841 Esker Parkway
479,Alphonse,Westrip,awestripda@a8.net,,Vietnam,4267 Dahle Way
480,Elsey,Cheal,echealdb@intel.com,Genderqueer,Philippines,71128 Surrey Lane
481,Dasi,Nineham,dninehamdc@youtu.be,Agender,Indonesia,520 Menomonie Circle
482,Donia,Kerbler,dkerblerdd@phoca.cz,,Indonesia,0608 Burning Wood Point
483,Mignonne,Gildersleeve,mgildersleevede@imageshack.us,Genderqueer,China,53 Barby Plaza
484,Mychal,Oxenham,moxenhamdf@exblog.jp,,Brazil,339 Clyde Gallagher Junction
485,Hanan,Wivell,hwivelldg@elpais.com,Bigender,Greece,8 Rowland Trail
486,Emmeline,Tonkinson,etonkinsondh@smugmug.com,Polygender,United States,4 Green Ridge Alley
487,Ewart,Henker,ehenkerdi@cdc.gov,,Dominican Republic,62 Reindahl Parkway
488,Hanna,Welchman,hwelchmandj@whitehouse.gov,Genderqueer,Thailand,34635 Jana Place
489,Nikki,Sellars,nsellarsdk@theguardian.com,,Canada,24271 Westridge Pass
490,Nealson,Eilles,neillesdl@geocities.com,,Jordan,88 Michigan Trail
491,Cirstoforo,Giacomasso,,,Philippines,8 Derek Terrace
492,Livia,Higgen,lhiggendn@elegantthemes.com,Polygender,Mexico,6161 Mayer Circle
493,Myca,Shovlar,mshovlardo@imageshack.us,,China,26 Corben Circle
494,Felicia,Sollett,fsollettdp@indiegogo.com,Male,Poland,90 Springview Lane
495,Geraldine,Bortolomei,gbortolomeidq@hubpages.com,Polygender,Philippines,359 Oriole Terrace
496,Trixie,Kolodziejski,tkolodziejskidr@springer.com,Male,China,50406 Oxford Way
497,Catherin,Spensley,cspensleyds@craigslist.org,,China,32269 Muir Circle
498,Hadlee,O' Cuolahan,hocuolahandt@google.co.uk,,China,19268 Moland Crossing
499,Helaine,Screase,hscreasedu@nytimes.com,Polygender,Egypt,78273 Bartillon Park
500,Raviv,Folks,rfolksdv@networksolutions.com,,Cameroon,86701 Holy Cross Court
501,Freemon,Drivers,fdriversdw@amazon.co.uk,Agender,Poland,223 Oak Valley Hill
502,Vevay,Waudby,vwaudbydx@tumblr.com,Bigender,Indonesia,967 Bellgrove Drive
503,Ashley,Seage,aseagedy@utexas.edu,,Philippines,742 Bluejay Plaza
504,Raina,Ortler,rortlerdz@abc.net.au,,Mexico,3 David Hill
505,Millicent,Basey,mbaseye0@themeforest.net,Genderqueer,Guyana,25996 Cottonwood Drive
506,Moina,Dykas,mdykase1@ebay.com,Non-binary,Malaysia,53666 Petterle Circle
507,Gradeigh,Cesconi,,Genderqueer,Russia,7 Northridge Drive
508,Angele,Allnutt,aallnutte3@salon.com,,Czech Republic,6815 Orin Circle
509,Goldi,Roaf,groafe4@prlog.org,Bigender,Canada,04930 Maple Way
510,Maxie,Lowmass,mlowmasse5@disqus.com,Bigender,China,8 Esch Crossing
511,Kendal,Setterington,ksetteringtone6@phoca.cz,Polygender,Russia,7343 Bay Lane
512,Aime,Lawfull,alawfulle7@studiopress.com,Bigender,Indonesia,8 Northview Court
513,Rebecka,Godart,rgodarte8@amazon.de,Male,Russia,62 Golf Course Terrace
514,Barnie,Kairns,,,Russia,40 Talmadge Avenue
515,Fanya,Himsworth,fhimsworthea@list-manage.com,Agender,China,889 Sunfield Crossing
516,Emelina,Dennison,,Polygender,United States,59270 Towne Terrace
517,Sonni,Yakunikov,syakunikovec@java.com,Non-binary,France,0948 Sunbrook Way
518,Devinne,Jennings,djenningsed@tamu.edu,Polygender,China,9034 Springs Circle
519,Filippa,Broyd,fbroydee@usgs.gov,Male,Indonesia,81193 Sachtjen Point
520,Austin,Runge,arungeef@jigsy.com,,China,0 Hovde Center
521,Hadleigh,De Freyne,,Genderqueer,Ukraine,7 Old Gate Pass
522,Hildagarde,Delacourt,hdelacourteh@tinyurl.com,Polygender,China,74655 Westport Way
523,Patrizia,Stot,pstotei@tinypic.com,,China,5 Moose Way
524,Willy,Liddiard,wliddiardej@whitehouse.gov,,Brazil,9 Dottie Way
525,Corina,Ricket,cricketek@google.fr,,Bolivia,12 Holy Cross Road
526,Sheena,Curnow,scurnowel@tumblr.com,,Indonesia,60821 Magdeline Lane
527,Peta,Cuss,,Male,Indonesia,9 Old Gate Road
528,Alidia,Franseco,afransecoen@aol.com,Genderqueer,Belarus,6091 Riverside Point
529,Althea,Sine,asineeo@bizjournals.com,Polygender,Brazil,55 Goodland Center
530,Skipp,Popland,spoplandep@slashdot.org,Non-binary,United States,22823 Jackson Hill
531,Ignaz,Annes,ianneseq@posterous.com,,Namibia,8 Mendota Way
532,Colline,Galvin,cgalviner@elegantthemes.com,,Cameroon,9 Golf Course Parkway
533,Morganica,Lyard,mlyardes@wikispaces.com,Bigender,Saudi Arabia,162 Hansons Crossing
534,Edward,Fawdery,efawderyet@vimeo.com,Agender,China,0555 Merrick Circle
535,Ned,Akester,nakestereu@cnet.com,Genderfluid,Azerbaijan,1697 Reindahl Place
536,Desi,Dorkins,ddorkinsev@senate.gov,Agender,Brazil,70 Algoma Lane
537,Guinevere,Jovey,gjoveyew@nhs.uk,,China,96820 Amoth Pass
538,Creighton,Hatherall,chatherallex@mozilla.org,,Moldova,6059 Acker Hill
539,Lethia,Levay,llevayey@tinyurl.com,Polygender,Cameroon,72 Main Way
540,Gregory,Rewcassell,,Genderqueer,China,59 Blaine Point
541,Violette,Cyples,vcyplesf0@behance.net,,Brazil,11 Bellgrove Terrace
542,Kiley,Kinchley,kkinchleyf1@imdb.com,Genderfluid,Azerbaijan,08 Schlimgen Plaza
543,Lari,Malt,lmaltf2@salon.com,Genderfluid,China,7 Prairie Rose Trail
544,Oralia,Josephov,ojosephovf3@walmart.com,,China,4 Tony Junction
545,Annmarie,Rillstone,arillstonef4@si.edu,,Russia,24 Oakridge Court
546,Marjy,Gladyer,mgladyerf5@163.com,Polygender,Argentina,067 Pond Pass
547,Birdie,MacSorley,bmacsorleyf6@dropbox.com,,Brazil,28 Vermont Trail
548,Joeann,Mattiazzo,jmattiazzof7@wikipedia.org,Non-binary,China,0053 Forest Run Circle
549,Ware,de Leon,,Male,Brazil,02334 Old Gate Parkway
550,Betsy,Stonard,,Genderfluid,United States,16 Bluejay Crossing
551,Gwyn,Apfler,gapflerfa@bravesites.com,Male,Czech Republic,27 Gateway Point
552,Everett,Kobiera,ekobierafb@reuters.com,Genderfluid,China,4 Northwestern Pass
553,Loutitia,Fletham,,,Poland,038 Rieder Center
554,Guthry,Grubey,ggrubeyfd@behance.net,Male,Japan,012 Union Hill
555,Cameron,Korneichik,ckorneichikfe@jimdo.com,,Portugal,3 Monica Court
556,Koressa,Merwe,kmerweff@angelfire.com,,China,4 Fairfield Plaza
557,Sawyer,Ollington,sollingtonfg@qq.com,Agender,China,469 Karstens Center
558,Hyatt,Philippsohn,hphilippsohnfh@storify.com,Genderqueer,Philippines,8 Weeping Birch Court
559,Dinnie,Ipwell,dipwellfi@behance.net,Genderqueer,Belarus,86 Hanson Court
560,Eleonore,Lambol,elambolfj@phpbb.com,Female,Indonesia,62688 Muir Terrace
561,Bennie,Gutman,bgutmanfk@pagesperso-orange.fr,Bigender,Kazakhstan,3324 Twin Pines Point
562,Robbin,Sowrey,rsowreyfl@harvard.edu,Genderqueer,Philippines,9556 Ruskin Hill
563,Deedee,Pierce,dpiercefm@samsung.com,Genderqueer,China,333 Sachtjen Road
564,Yale,Buffin,ybuffinfn@shareasale.com,Male,Indonesia,80 Sugar Way
565,Bonnee,Casserley,,Agender,Sweden,9325 Fisk Hill
566,Giselle,Rudloff,grudlofffp@cam.ac.uk,,Armenia,95 Rowland Terrace
567,Jessamine,Ritchard,jritchardfq@prnewswire.com,,Macedonia,3599 Fieldstone Terrace
568,Geralda,Pettet,gpettetfr@blogs.com,Male,Sweden,187 Laurel Court
569,Rosemonde,Brisard,rbrisardfs@bandcamp.com,Agender,Czech Republic,12318 Bluestem Avenue
570,Yard,Ygoe,yygoeft@photobucket.com,Male,South Korea,269 Kings Trail
571,Kally,Whitehurst,kwhitehurstfu@usatoday.com,Bigender,China,84776 Coleman Plaza
572,Janifer,Sewell,jsewellfv@over-blog.com,,Thailand,7 Monica Trail
573,Fidole,Shapera,fshaperafw@washingtonpost.com,Bigender,Indonesia,8 Carpenter Alley
574,Judah,Liebermann,jliebermannfx@fema.gov,,Philippines,370 Kenwood Street
575,Gavin,Branscomb,gbranscombfy@blogspot.com,Male,Sweden,97 Sloan Drive
576,Dietrich,Yitzhak,dyitzhakfz@multiply.com,Genderqueer,China,6 Sycamore Way
577,Addi,Ennew,aennewg0@indiatimes.com,,China,84395 Carey Place
578,Murry,Tomasicchio,mtomasicchiog1@alexa.com,Female,Peru,10782 Milwaukee Pass
579,Ardenia,Shout,ashoutg2@tumblr.com,,Azerbaijan,4 Meadow Ridge Pass
580,Trumann,Ackenson,tackensong3@bluehost.com,Female,Russia,729 Stoughton Point
581,Ashil,Badrick,abadrickg4@nhs.uk,Agender,Russia,5 Bobwhite Park
582,Babs,Minker,bminkerg5@arstechnica.com,,China,76207 Grasskamp Drive
583,Maurise,Escalero,mescalerog6@cbsnews.com,,Iran,35460 Fisk Lane
584,Viva,Leathem,vleathemg7@prnewswire.com,Genderfluid,China,9021 Sommers Crossing
585,Kalle,Eton,ketong8@dedecms.com,Genderfluid,China,15 Farragut Plaza
586,Deeanne,Yoakley,dyoakleyg9@pinterest.com,,China,249 6th Point
587,Raphaela,Pretor,rpretorga@fema.gov,Genderqueer,Bangladesh,7 Eggendart Way
588,Zachariah,Staddom,zstaddomgb@blogs.com,,China,94 Paget Way
589,Teddi,Dunkersley,tdunkersleygc@infoseek.co.jp,,Bangladesh,3 Kennedy Park
590,Rois,Citrine,rcitrinegd@gravatar.com,,Greece,71 Manitowish Trail
591,Gerianna,Sherborn,gsherbornge@wiley.com,Female,Russia,646 Rusk Plaza
592,Lisa,Whiffin,lwhiffingf@paypal.com,,China,403 Thackeray Crossing
593,Lynnell,Roxbee,lroxbeegg@eventbrite.com,Agender,Morocco,34922 Swallow Center
594,Granny,Laying,glayinggh@1688.com,,China,26 Boyd Lane
595,Cordie,Bonaire,cbonairegi@toplist.cz,,Bangladesh,36723 Main Lane
596,Neila,Gowan,ngowangj@vimeo.com,Genderqueer,France,8 Sunbrook Crossing
597,Maudie,Gratten,mgrattengk@angelfire.com,Female,Japan,32 Crownhardt Avenue
598,Marv,Sabbatier,msabbatiergl@usda.gov,Agender,Dominican Republic,4595 Oxford Junction
599,Jessie,Spurett,jspurettgm@wsj.com,,Iraq,152 Manley Trail
600,Basile,Clynman,bclynmangn@bloglovin.com,,Greece,6 Jackson Junction
601,Ted,Coners,tconersgo@hubpages.com,,Indonesia,872 Vera Street
602,Teena,Obbard,tobbardgp@shareasale.com,Female,China,569 Briar Crest Junction
603,Allison,Nano,ananogq@technorati.com,Female,Brazil,2514 Mitchell Way
604,Ade,Rusbridge,arusbridgegr@dailymail.co.uk,,China,6 Forest Run Court
605,Cyb,Garcia,,Female,Mexico,9644 Summit Plaza
606,Giustina,Morrison,gmorrisongt@yahoo.co.jp,,Czech Republic,18 Namekagon Junction
607,Henriette,Danshin,hdanshingu@youtu.be,,China,702 Scoville Park
608,Deva,Veltmann,dveltmanngv@phoca.cz,,Russia,0003 Fremont Court
609,Rozella,Cottrell,rcottrellgw@freewebs.com,,Yemen,7 Troy Point
610,Ferdinanda,O'Sheils,fosheilsgx@mapquest.com,,Norway,7119 Shelley Hill
611,Marigold,Valentino,mvalentinogy@goo.gl,Non-binary,Morocco,7129 Homewood Plaza
612,Debby,Stichall,dstichallgz@netscape.com,Agender,Latvia,07 Bunker Hill Street
613,Chelsea,Freeman,,Polygender,Croatia,2479 Manufacturers Road
614,Cathleen,Grigorescu,cgrigorescuh1@jugem.jp,,Laos,7390 School Road
615,Cal,Abramowitch,,Male,United States,20839 Hovde Plaza
616,Farlay,Robjohns,frobjohnsh3@altervista.org,Genderfluid,Cape Verde,3374 Portage Alley
617,Tucky,McClifferty,tmccliffertyh4@skype.com,Polygender,Malta,67 Maple Wood Way
618,Chelsy,Prendeguest,cprendeguesth5@hostgator.com,Agender,Thailand,29689 Lerdahl Lane
619,Gretel,Blacket,gblacketh6@forbes.com,Agender,Ukraine,8 1st Parkway
620,Hammad,Zarfati,hzarfatih7@angelfire.com,Agender,Greece,333 Daystar Point
621,Lambert,Van Velden,lvanveldenh8@amazon.com,,China,5573 Farmco Pass
622,Cordelie,Josefer,cjoseferh9@auda.org.au,,Russia,4854 Montana Street
623,Roze,Kilshaw,rkilshawha@usgs.gov,Non-binary,Philippines,27810 Dapin Court
624,Xaviera,Vanderplas,xvanderplashb@mlb.com,Female,Brazil,78 Huxley Hill
625,Augy,Murrells,amurrellshc@acquirethisname.com,,Greece,95975 Brickson Park Plaza
626,Jere,Arington,,Genderfluid,Brazil,9845 Rowland Lane
627,Gregorius,De Cristofalo,gdecristofalohe@mlb.com,,Thailand,8 Tony Terrace
628,Loella,Curlis,lcurlishf@twitter.com,,China,461 Claremont Crossing
629,Sybilla,Corkitt,scorkitthg@theguardian.com,Genderfluid,Vietnam,5 Sauthoff Way
630,Jerry,Lorenzetto,,,Italy,742 Mockingbird Trail
631,Gennie,Cowdrey,gcowdreyhi@drupal.org,,China,19 Ohio Park
632,Rici,Allmark,rallmarkhj@chicagotribune.com,,China,53 Bobwhite Center
633,Ari,Cordaroy,acordaroyhk@google.com,Genderfluid,China,687 Hallows Pass
634,Daveta,Mewis,dmewishl@sciencedaily.com,,Hungary,70 Bashford Terrace
635,Lars,Collopy,lcollopyhm@miitbeian.gov.cn,,Estonia,4577 Dovetail Terrace
636,Nanice,Brophy,nbrophyhn@addthis.com,,Netherlands,7 Mccormick Road
637,Deerdre,Beetham,,Agender,Philippines,57 Lakeland Center
638,Lyndsie,MacGiffin,lmacgiffinhp@state.tx.us,,Philippines,56669 Myrtle Crossing
639,Sabrina,Geistmann,sgeistmannhq@nhs.uk,,Sweden,2 Merrick Hill
640,Wait,Scoterbosh,wscoterboshhr@live.com,Polygender,Japan,98051 Elgar Park
641,Merla,Railton,mrailtonhs@unblog.fr,,Nigeria,4368 Carioca Plaza
642,Dewitt,Ficken,dfickenht@php.net,,Russia,101 Continental Road
643,Kelbee,Sommerland,ksommerlandhu@weather.com,,Palestinian Territory,598 School Court
644,Laurene,Juszczyk,ljuszczykhv@php.net,Female,Indonesia,9 7th Trail
645,Marquita,Frain,mfrainhw@accuweather.com,Polygender,Japan,5 Ridge Oak Court
646,Gisela,Allaway,gallawayhx@pinterest.com,,Ethiopia,7818 Colorado Center
647,Ynes,O'Cannavan,yocannavanhy@china.com.cn,Female,China,5171 Lindbergh Way
648,Caye,Arckoll,carckollhz@independent.co.uk,,Ireland,65286 Mcbride Terrace
649,Lillian,Gilfether,lgilfetheri0@yale.edu,,Thailand,48 Havey Park
650,Kahlil,Rumford,krumfordi1@nasa.gov,Female,South Africa,59 Browning Park
651,Corny,Fantham,cfanthami2@microsoft.com,Bigender,Greece,02 Manufacturers Road
652,Emery,Choules,,Genderqueer,France,36990 Hanson Lane
653,Jacquenetta,Delap,jdelapi4@bing.com,,United States,34 Londonderry Park
654,Nadeen,Whitely,nwhitelyi5@hp.com,,France,9 Express Street
655,Florinda,Gayler,fgayleri6@dropbox.com,Genderfluid,Indonesia,33 Debra Trail
656,Lenore,Kislingbury,lkislingburyi7@hc360.com,Bigender,China,1934 Loomis Avenue
657,Rickie,Christauffour,rchristauffouri8@dion.ne.jp,Female,Philippines,489 Reinke Place
658,Carilyn,Winkell,cwinkelli9@friendfeed.com,Genderfluid,Indonesia,33 Crowley Circle
659,Auberta,Aven,aavenia@bloomberg.com,Genderfluid,China,7 1st Lane
660,Minda,Minocchi,mminocchiib@wikia.com,Polygender,Indonesia,469 Grim Way
661,Melesa,Wulfinger,mwulfingeric@webmd.com,,Indonesia,4 Glacier Hill Center
662,Colleen,Bernet,,,Bosnia and Herzegovina,6059 Dahle Park
663,Roderich,Prudham,rprudhamie@netvibes.com,Male,Bulgaria,1 Talisman Drive
664,Cathee,MacNeely,cmacneelyif@i2i.jp,,Indonesia,5 Birchwood Plaza
665,Marielle,Dugall,mdugallig@yellowpages.com,Agender,South Korea,225 Monica Trail
666,Bealle,Burleigh,bburleighih@deliciousdays.com,,China,06 Sachs Drive
667,Emera,Cirlos,ecirlosii@goo.gl,Agender,Philippines,45 Troy Pass
668,Evonne,Hearsum,ehearsumij@jimdo.com,,Russia,741 Orin Road
669,Casper,Dimnage,cdimnageik@mysql.com,,Philippines,8 Lukken Trail
670,Dougie,Mellor,dmelloril@smh.com.au,,Ukraine,1 Mallory Road
671,Gussy,Mattin,gmattinim@weather.com,Polygender,China,61 Ryan Avenue
672,Silvano,Prendeguest,sprendeguestin@sciencedaily.com,,Malaysia,5 Mcbride Point
673,Claire,Donwell,cdonwellio@ox.ac.uk,Genderfluid,China,8838 Daystar Plaza
674,Guglielma,Last,glastip@nbcnews.com,Non-binary,Indonesia,052 Bunting Parkway
675,Elyssa,Stiegers,estiegersiq@rambler.ru,,Thailand,234 Judy Drive
676,Karisa,Reisin,kreisinir@sitemeter.com,Male,United States,57 Eastlawn Lane
677,Appolonia,Kingscote,akingscoteis@samsung.com,,Czech Republic,620 Summer Ridge Alley
678,Cleon,Slaght,cslaghtit@tamu.edu,,China,434 Washington Hill
679,Brose,Degli Antoni,bdegliantoniiu@chicagotribune.com,Polygender,China,16 Butterfield Point
680,Phaedra,Bate,pbateiv@dropbox.com,,Czech Republic,7 Spaight Plaza
681,Dara,Stoade,dstoadeiw@addthis.com,Non-binary,China,40 Warner Road
682,Goran,Monget,gmongetix@joomla.org,Genderfluid,China,624 Rowland Center
683,Persis,Allan,pallaniy@cbslocal.com,,China,22183 Hayes Center
684,Kimberlee,Iredell,,Male,Czech Republic,0 Carioca Pass
685,Jolene,Arnault,jarnaultj0@arizona.edu,Polygender,China,9402 Linden Parkway
686,Darrel,Skyner,dskynerj1@reverbnation.com,Non-binary,China,17 Old Shore Park
687,Rina,Pirouet,rpirouetj2@qq.com,Female,Philippines,352 3rd Park
688,Jone,Hayen,jhayenj3@ebay.co.uk,Female,Mexico,29370 Twin Pines Point
689,Fabiano,Lichtfoth,flichtfothj4@mozilla.com,Female,Indonesia,078 Gerald Street
690,Noble,Townrow,ntownrowj5@nasa.gov,,Greenland,600 Bashford Circle
691,Del,Euesden,deuesdenj6@networksolutions.com,Male,Indonesia,82 Arkansas Park
692,Claudio,Lowdiane,clowdianej7@studiopress.com,,Russia,09871 Dennis Place
693,Alonso,Farahar,afaraharj8@geocities.com,,Russia,05 Crowley Circle
694,Franciskus,Navaro,fnavaroj9@tinypic.com,,Philippines,55 Sullivan Center
695,Harley,Tearle,htearleja@slideshare.net,Non-binary,Georgia,28 Nova Trail
696,Lionel,Hallford,lhallfordjb@last.fm,Agender,China,550 Reindahl Street
697,Cad,Fleg,cflegjc@woothemes.com,Bigender,Armenia,61 Crest Line Place
698,Niles,Bothams,nbothamsjd@yolasite.com,Non-binary,China,0 Mayer Terrace
699,Vassili,Crolla,vcrollaje@twitter.com,Genderfluid,China,0583 Warbler Circle
700,Francoise,Jaray,,,Greece,76104 Drewry Crossing
701,Noak,Grubey,ngrubeyjg@si.edu,Non-binary,Colombia,8 Manitowish Plaza
702,Georgiana,Cookes,gcookesjh@wordpress.com,Agender,Bolivia,94 Namekagon Way
703,Agata,Dearth,adearthji@facebook.com,Non-binary,Venezuela,06426 Jenifer Drive
704,Othilie,Harrad,oharradjj@marketwatch.com,Genderfluid,Philippines,1 Banding Drive
705,Bud,Thurbon,bthurbonjk@mapquest.com,,Russia,896 Basil Terrace
706,Emmott,Gleadhall,egleadhalljl@hc360.com,Non-binary,Russia,29 North Junction
707,Eloisa,Leverage,eleveragejm@blogtalkradio.com,Female,Portugal,900 Lighthouse Bay Plaza
708,Holly,Zanioletti,hzaniolettijn@imageshack.us,,Peru,25428 Reinke Plaza
709,James,Grioli,jgriolijo@sbwire.com,Genderfluid,China,455 1st Terrace
710,Christophe,Thexton,cthextonjp@yellowpages.com,Genderfluid,China,8652 Heath Pass
711,Yasmin,Hann,yhannjq@home.pl,,Thailand,4 Annamark Junction
712,Wynn,Guerreiro,wguerreirojr@independent.co.uk,,France,758 Reinke Street
713,Koressa,Braunstein,kbraunsteinjs@kickstarter.com,,Honduras,562 Spohn Terrace
714,Ofilia,Antunez,oantunezjt@github.io,Polygender,Finland,3 Vera Drive
715,Caril,Wiffen,cwiffenju@skyrock.com,Male,Thailand,65 Red Cloud Hill
716,Bevin,Matejka,bmatejkajv@auda.org.au,,Indonesia,325 Fairview Point
717,Cilka,Storcke,,Genderfluid,Russia,0036 Messerschmidt Street
718,Bobbee,Debrick,bdebrickjx@gizmodo.com,Female,Germany,7921 Leroy Plaza
719,Thaddeus,Kleinholz,tkleinholzjy@go.com,Genderqueer,Russia,803 Rigney Crossing
720,Garnette,Cregg,gcreggjz@accuweather.com,Non-binary,China,4 Cascade Trail
721,Kathleen,Veart,kveartk0@jugem.jp,,Iraq,27 Randy Junction
722,Madlin,Gobbett,mgobbettk1@moonfruit.com,,Pitcairn,10972 Grasskamp Center
723,Raimondo,Igglesden,rigglesdenk2@businessinsider.com,Male,Russia,9 Harbort Lane
724,Denys,McPhate,dmcphatek3@123-reg.co.uk,,Malaysia,66 Iowa Plaza
725,Ferdinand,Werner,fwernerk4@usatoday.com,,China,8543 Gateway Point
726,Shannon,Gilbard,sgilbardk5@hao123.com,Polygender,Kosovo,91800 Buena Vista Center
727,Goober,Boeter,,,Mongolia,84 Eastwood Trail
728,Norrie,Marcombe,nmarcombek7@sciencedaily.com,Genderqueer,Indonesia,2 Miller Trail
729,Jackie,MacCallion,jmaccallionk8@sfgate.com,,Malawi,838 Red Cloud Place
730,Hermon,Kamenar,hkamenark9@go.com,Bigender,Vietnam,87 Duke Drive
731,Elliott,Nares,enareska@reverbnation.com,Male,Indonesia,958 7th Place
732,Pepe,Cowlam,pcowlamkb@typepad.com,,Peru,805 Dexter Park
733,Morgana,Bedbrough,mbedbroughkc@mlb.com,Male,Russia,60 Spaight Alley
734,Riley,Thorp,rthorpkd@state.gov,Bigender,Greece,032 Goodland Center
735,Maxie,Harrinson,mharrinsonke@wisc.edu,,Haiti,3422 Independence Hill
736,Jillie,Jesse,jjessekf@sohu.com,Non-binary,Thailand,04 Utah Way
737,Karena,Kingaby,kkingabykg@craigslist.org,Polygender,Indonesia,032 Atwood Road
738,Tiphanie,Yashin,tyashinkh@cbc.ca,,Colombia,72635 Twin Pines Street
739,Chev,Vivien,cvivienki@usatoday.com,,Argentina,7846 Maple Wood Hill
740,Teodoor,D'Angeli,tdangelikj@columbia.edu,Genderfluid,Sweden,5182 Sunfield Street
741,Mareah,Reyburn,,Agender,Sweden,30314 Northview Court
742,Moses,Alfonzo,malfonzokl@unc.edu,Bigender,Philippines,27 5th Place
743,Olva,McGowing,omcgowingkm@chronoengine.com,,Portugal,910 Merchant Lane
744,Neville,Bulford,nbulfordkn@unesco.org,Polygender,France,915 Susan Plaza
745,Mata,Barajaz,mbarajazko@histats.com,,Sweden,31 Bluestem Place
746,Sauveur,Van Vuuren,svanvuurenkp@mapquest.com,,Argentina,8 Cherokee Alley
747,Millicent,Gabriely,mgabrielykq@skyrock.com,,Guatemala,909 Anzinger Place
748,Alexina,Martinat,amartinatkr@comsenz.com,Female,Indonesia,12 Steensland Alley
749,Taylor,Mein,,Agender,Portugal,38 3rd Court
750,Tish,Dericut,tdericutkt@amazon.de,Bigender,Jamaica,9307 Melby Point
751,Arlin,Van den Velden,avandenveldenku@springer.com,,Honduras,90930 Spohn Court
752,Upton,Terbeck,uterbeckkv@de.vu,,Sweden,22594 Nevada Parkway
753,Katherina,Freckingham,kfreckinghamkw@ebay.com,,Russia,902 Moland Place
754,Curry,Hearfield,chearfieldkx@rakuten.co.jp,Non-binary,Brazil,07617 Jenna Hill
755,Hamish,Rapson,hrapsonky@ebay.com,Agender,Canada,6559 Badeau Plaza
756,Goldy,Lohoar,glohoarkz@fc2.com,Genderfluid,Brazil,865 Thierer Street
757,Even,Riveles,erivelesl0@google.co.uk,,Kazakhstan,78760 Hollow Ridge Street
758,Marice,Bleakley,mbleakleyl1@photobucket.com,,East Timor,74783 Dapin Lane
759,Roddy,McLarty,rmclartyl2@gizmodo.com,,China,2 Graceland Park
760,Meridith,Giffon,mgiffonl3@xing.com,Genderfluid,Netherlands,35271 Northland Hill
761,Jourdain,Stannett,jstannettl4@google.es,Non-binary,Russia,5552 Coleman Court
762,Reena,Hogbourne,rhogbournel5@sitemeter.com,Genderqueer,Philippines,6 Waywood Park
763,Moira,Keyzman,mkeyzmanl6@addthis.com,,Portugal,083 Johnson Junction
764,Peg,Dulieu,pdulieul7@mapy.cz,,Indonesia,4 Comanche Hill
765,Hilde,Coughtrey,hcoughtreyl8@springer.com,,Myanmar,3 Cordelia Plaza
766,Rennie,Snyder,rsnyderl9@sourceforge.net,,China,8 Muir Terrace
767,Lacey,Eitter,leitterla@amazon.co.jp,,Kuwait,49 Florence Avenue
768,Rozalie,Troman,rtromanlb@w3.org,,Thailand,003 Corscot Place
769,Faulkner,Feeny,ffeenylc@businessinsider.com,Genderqueer,Benin,005 Tony Terrace
770,Nigel,Juara,njuarald@about.me,,Russia,44 Ridgeway Parkway
771,Elmore,Argo,eargole@ox.ac.uk,,Brazil,256 Northview Parkway
772,Margaretta,Parkes,mparkeslf@goo.gl,Female,Philippines,35575 Shelley Center
773,Giana,Olsen,golsenlg@dion.ne.jp,,Croatia,6 Scofield Junction
774,Dave,Kleinhaus,dkleinhauslh@buzzfeed.com,Female,Russia,14144 Thackeray Street
775,Siusan,Elks,selksli@seattletimes.com,Male,United States,74 Hovde Pass
776,Randolf,Levecque,rlevecquelj@dmoz.org,,Mexico,69 Dexter Circle
777,Gram,Stickland,gsticklandlk@diigo.com,Bigender,China,44 Mayfield Park
778,Terri,Scholz,tscholzll@sfgate.com,Male,Philippines,09321 Jackson Trail
779,Netty,Stive,nstivelm@1688.com,,Russia,4 Lighthouse Bay Pass
780,Tawsha,Simmank,,Male,Indonesia,77 Mallory Street
781,Dan,Pavyer,dpavyerlo@imdb.com,Female,China,12 Rutledge Terrace
782,Leodora,Brownsworth,lbrownsworthlp@surveymonkey.com,,France,367 Briar Crest Center
783,Purcell,Dyer,pdyerlq@geocities.jp,Female,Sweden,1298 Grim Court
784,Dyna,Blasoni,dblasonilr@mayoclinic.com,Agender,Philippines,41 Londonderry Junction
785,Emlyn,Backler,ebacklerls@ning.com,Genderqueer,Russia,2467 Mariners Cove Road
786,Poul,Jerred,pjerredlt@arizona.edu,Non-binary,China,02 Spaight Drive
787,Sabra,Rossbrook,srossbrooklu@ca.gov,Genderfluid,China,32793 Elgar Circle
788,Rene,Avrasin,ravrasinlv@youtu.be,Non-binary,Bulgaria,1 Derek Trail
789,Judd,Clemenceau,jclemenceaulw@tumblr.com,Polygender,Costa Rica,084 Hermina Avenue
790,Frederick,Shernock,fshernocklx@pen.io,,Croatia,38 Ridge Oak Street
791,Guillaume,Muttitt,gmuttittly@surveymonkey.com,Non-binary,China,04 Truax Way
792,Cindie,Reiners,creinerslz@netlog.com,Genderfluid,Russia,89133 Pierstorff Center
793,Evelina,Swatton,eswattonm0@altervista.org,,Indonesia,96423 Forest Run Court
794,Midge,Bissatt,mbissattm1@narod.ru,Agender,Indonesia,3680 Buhler Parkway
795,Julianna,Hurring,jhurringm2@umich.edu,,China,6440 Schmedeman Center
796,Chilton,Orteau,corteaum3@dedecms.com,Non-binary,Iran,66199 Nancy Avenue
797,Marc,Kowalski,mkowalskim4@kickstarter.com,Bigender,Czech Republic,962 Northport Avenue
798,Matthieu,Picott,mpicottm5@apple.com,,Croatia,0702 Briar Crest Street
799,Vanya,Marages,vmaragesm6@slideshare.net,Polygender,Kazakhstan,833 Talisman Court
800,Annemarie,Linley,alinleym7@reuters.com,,United States,4 Northridge Point
801,Wrennie,Jeyes,wjeyesm8@1und1.de,Genderfluid,Philippines,5 Toban Circle
802,Justus,Kondratyuk,jkondratyukm9@gravatar.com,Agender,Russia,277 Grasskamp Circle
803,Kennie,Quixley,kquixleyma@redcross.org,Genderqueer,Mauritius,08 Mariners Cove Alley
804,Deane,Curphey,dcurpheymb@zdnet.com,Male,Indonesia,7 Tomscot Drive
805,Valeria,Philippsohn,vphilippsohnmc@msn.com,,Portugal,0 Packers Court
806,Kingsley,Boerderman,kboerdermanmd@army.mil,,China,2 Rieder Alley
807,Kimberli,Grigoletti,kgrigolettime@nasa.gov,Female,France,6741 Rowland Trail
808,Lucius,Anderton,landertonmf@walmart.com,Polygender,Russia,60517 Harbort Avenue
809,Mari,Grindley,mgrindleymg@chicagotribune.com,,Philippines,607 Summit Street
810,Marcus,MacKaile,,,Serbia,59219 Fulton Way
811,Fredric,Lackham,flackhammi@japanpost.jp,Genderfluid,China,2353 Cherokee Point
812,Demeter,Stilgo,dstilgomj@jiathis.com,,Russia,27046 Becker Drive
813,Dominica,Gepson,dgepsonmk@dailymail.co.uk,Bigender,China,29809 Hagan Crossing
814,Tommi,Parmer,tparmerml@dropbox.com,Bigender,China,87 Anthes Hill
815,Binnie,Lovejoy,blovejoymm@gizmodo.com,Genderqueer,Brazil,477 Ludington Drive
816,Jaquelin,Skiggs,jskiggsmn@reference.com,,Palestinian Territory,03190 7th Terrace
817,Shem,Petrosian,spetrosianmo@epa.gov,Male,Indonesia,93 Pearson Point
818,Deni,Tweddell,dtweddellmp@oracle.com,Agender,Iran,63526 Warrior Hill
819,Vin,Helmke,vhelmkemq@usatoday.com,,Brazil,893 Crescent Oaks Street
820,Rabi,Flury,rflurymr@exblog.jp,,Iran,829 Delladonna Alley
821,Wallache,Guterson,,,Chad,35 Hollow Ridge Road
822,Michal,Yeaman,myeamanmt@networkadvertising.org,,Czech Republic,3 Derek Hill
823,Loise,Kilgour,lkilgourmu@vinaora.com,Male,Japan,65 Gulseth Road
824,Bastian,Warhurst,bwarhurstmv@newyorker.com,,China,08 Welch Court
825,Anica,Mahood,amahoodmw@zdnet.com,,Poland,2549 Mandrake Crossing
826,Eb,McIlriach,emcilriachmx@tuttocitta.it,Agender,Indonesia,3434 South Trail
827,Lurleen,McAllen,lmcallenmy@ibm.com,,China,04 Glacier Hill Park
828,Curt,Grennan,cgrennanmz@addthis.com,,China,5047 Lawn Road
829,Clemmie,Oxbrow,coxbrown0@tuttocitta.it,Bigender,Russia,9074 Nelson Circle
830,Lilian,Fosh,lfoshn1@geocities.jp,Non-binary,China,16 Blue Bill Park Alley
831,Alyss,Woolstenholmes,awoolstenholmesn2@blogs.com,,Portugal,70 Buena Vista Way
832,Tab,Frodsam,tfrodsamn3@yandex.ru,Male,China,7439 Morningstar Pass
833,Greg,Aizkovitch,gaizkovitchn4@oracle.com,Polygender,Poland,159 Moulton Parkway
834,Link,Leadbitter,lleadbittern5@altervista.org,Genderfluid,Indonesia,6 Twin Pines Parkway
835,Pepita,Arnely,parnelyn6@google.com.br,,Russia,89637 Sommers Trail
836,Errol,Bertomieu,ebertomieun7@prlog.org,,China,98 Scoville Park
837,Carey,Ballance,cballancen8@tuttocitta.it,Female,Honduras,97150 Center Place
838,Carma,Stonbridge,cstonbridgen9@sitemeter.com,Male,Canada,89499 Bunker Hill Plaza
839,Hallsy,Killingworth,hkillingworthna@pinterest.com,,Philippines,92 Redwing Point
840,Teri,Andrusyak,tandrusyaknb@toplist.cz,,China,0615 Prairieview Pass
841,Renaldo,Neve,,Female,China,2500 Shelley Hill
842,Robers,Adair,radairnd@flavors.me,,Poland,69 Menomonie Court
843,Guglielma,Kubista,gkubistane@jigsy.com,Male,Latvia,127 Nevada Hill
844,Lavinie,Fidge,lfidgenf@jimdo.com,Polygender,China,76 Heath Place
845,Sherm,Dye,sdyeng@cbslocal.com,Agender,United States,9181 Debs Alley
846,Milt,Solway,msolwaynh@utexas.edu,,China,1413 Lyons Parkway
847,Teriann,Sarl,tsarlni@theguardian.com,,China,9124 Warbler Way
848,Rozella,Quye,rquyenj@com.com,Agender,Colombia,76332 Stephen Circle
849,Morry,Phalp,mphalpnk@huffingtonpost.com,Agender,Peru,630 Eagle Crest Alley
850,Katine,Tasseler,ktasselernl@storify.com,Polygender,Macedonia,111 Heath Point
851,Hannah,Bytheway,hbythewaynm@unc.edu,Male,China,77027 Jenna Way
852,Court,Rentenbeck,crentenbecknn@ask.com,Female,Poland,2 Farragut Circle
853,Dee,Fearnyough,,,Philippines,8 Pepper Wood Terrace
854,Abagael,Danilovitch,adanilovitchnp@nationalgeographic.com,,China,8445 Gerald Pass
855,Alisander,Wager,awagernq@umich.edu,Bigender,Argentina,72 Lakewood Place
856,Harwell,McGilben,hmcgilbennr@usatoday.com,Genderqueer,Spain,469 Harbort Alley
857,Lauri,Bowdler,lbowdlerns@utexas.edu,,Nigeria,4329 Holmberg Way
858,Korie,Cesco,kcescont@prweb.com,,China,63 Jenna Drive
859,Wallis,Meckiff,wmeckiffnu@icq.com,,Slovenia,787 Upham Drive
860,Prentice,Laidel,,Agender,Portugal,71 5th Trail
861,Gregorio,Grogor,ggrogornw@wp.com,Non-binary,Poland,56 Brickson Park Circle
862,Leonard,Dell,ldellnx@ucoz.ru,,Vietnam,4817 Longview Place
863,Kerstin,Kop,kkopny@scientificamerican.com,Female,Cameroon,81382 Anzinger Junction
864,Alfie,Eick,aeicknz@free.fr,,Thailand,6 Mitchell Parkway
865,Shermy,Drews,sdrewso0@godaddy.com,,Indonesia,529 Nova Place
866,Chandra,Walley,cwalleyo1@yale.edu,,Russia,82 Tennyson Road
867,Suki,Ruslen,srusleno2@gov.uk,,Russia,6467 Hayes Pass
868,Elisha,Beidebeke,ebeidebekeo3@army.mil,Female,Portugal,8938 Sachtjen Plaza
869,Nari,Chestnut,nchestnuto4@ebay.co.uk,Non-binary,Denmark,157 Fuller Center
870,Mignon,Quest,mquesto5@smh.com.au,,Philippines,84248 Sutteridge Terrace
871,Timi,Binch,tbincho6@nationalgeographic.com,Genderfluid,France,41 Loftsgordon Junction
872,Seward,McClinton,,Genderfluid,Poland,0652 Thackeray Circle
873,Harman,Sloegrave,hsloegraveo8@vimeo.com,Bigender,China,84025 Superior Terrace
874,Ortensia,Elliot,oellioto9@theatlantic.com,,Indonesia,4 Vernon Way
875,Dodie,Doughton,ddoughtonoa@usda.gov,,China,0032 Crescent Oaks Park
876,Jonas,Zupone,jzuponeob@jiathis.com,Polygender,Uzbekistan,55957 Morning Pass
877,Carlynn,Francescone,cfrancesconeoc@1688.com,,China,43849 Sullivan Alley
878,Susana,Shepcutt,sshepcuttod@hp.com,,Poland,36815 Sutherland Park
879,Walliw,Androlli,,Bigender,United Kingdom,73511 Merrick Pass
880,Filbert,Silvers,,Non-binary,China,07008 Southridge Street
881,Kurt,Salkild,,,Palestinian Territory,54987 Hazelcrest Street
882,Jaclin,Woodyear,jwoodyearoh@shareasale.com,,Philippines,4 2nd Lane
883,Nicol,Blasius,nblasiusoi@geocities.com,Agender,Egypt,2 Canary Drive
884,Steven,Rohlfs,srohlfsoj@facebook.com,Genderqueer,Indonesia,436 Stone Corner Plaza
885,Roberto,De Bischof,rdebischofok@mayoclinic.com,Agender,Russia,17604 Weeping Birch Plaza
886,Cosme,Tumilty,ctumiltyol@unblog.fr,Bigender,Indonesia,095 Rusk Crossing
887,Kerk,Gilkes,kgilkesom@sfgate.com,,Canada,8424 Helena Terrace
888,Babette,Perche,bpercheon@ft.com,,Afghanistan,39276 Westend Terrace
889,Gillian,Twelves,gtwelvesoo@amazon.co.uk,,Peru,31880 Sutherland Center
890,Garnet,Heindle,gheindleop@ycombinator.com,,Indonesia,9 Cottonwood Plaza
891,Lewie,Beszant,,,Benin,7 Milwaukee Park
892,Sibbie,Staves,sstavesor@geocities.com,,Malaysia,80 Haas Point
893,Theresita,Bowller,tbowlleros@ucoz.com,,China,298 Killdeer Way
894,Yalonda,Caw,,Genderfluid,Russia,1585 Debra Center
895,Charmain,Haveline,chavelineou@mapquest.com,Female,China,79 Melvin Pass
896,Ange,Caffin,,Genderqueer,Russia,452 Debs Park
897,Carter,Leechman,cleechmanow@google.de,Agender,Nigeria,2 Katie Terrace
898,Neala,Crosfeld,ncrosfeldox@symantec.com,,Kyrgyzstan,46045 Schmedeman Alley
899,Timi,Stansbie,tstansbieoy@noaa.gov,Male,Poland,0 Kinsman Way
900,Emiline,Woolatt,ewoolattoz@nyu.edu,Genderqueer,Portugal,852 Briar Crest Hill
901,Karin,Weedenburg,kweedenburgp0@chronoengine.com,,Russia,774 Eagan Alley
902,Antin,Owers,aowersp1@jigsy.com,Genderfluid,China,7 Moland Way
903,Missie,McCaughren,,,Ukraine,775 Weeping Birch Pass
904,Audrye,Tanslie,atansliep3@noaa.gov,Non-binary,Vietnam,53 Morning Crossing
905,Arleen,Lysons,alysonsp4@apple.com,Non-binary,Russia,12 Bunker Hill Center
906,Chelsae,Erangey,cerangeyp5@slate.com,,Germany,0818 Nelson Junction
907,Dasie,Catterell,dcatterellp6@baidu.com,Non-binary,Brazil,77 Longview Lane
908,Benjamen,Carding,bcardingp7@quantcast.com,,China,301 Moulton Parkway
909,Marja,Loseby,,Agender,Uganda,44631 Gale Plaza
910,Adda,Jouannisson,ajouannissonp9@hatena.ne.jp,,Tanzania,32 Johnson Drive
911,Atalanta,Ballard,,,Brazil,796 Cordelia Terrace
912,Quincy,Ghelardoni,qghelardonipb@nydailynews.com,Genderqueer,Guatemala,57 Del Mar Drive
913,Ozzie,Flannigan,oflanniganpc@nyu.edu,,Malaysia,66 Montana Terrace
914,Olly,Mangeot,omangeotpd@opera.com,,Poland,98 Hallows Way
915,Aldrich,Joliffe,ajoliffepe@wisc.edu,,Malaysia,1 Portage Drive
916,Gino,Algy,galgypf@google.pl,,New Zealand,2693 Superior Circle
917,Gary,Osipenko,gosipenkopg@flavors.me,,Greece,637 Londonderry Hill
918,Maurits,Adam,madamph@biblegateway.com,Genderqueer,Czech Republic,3 Vidon Pass
919,Malva,O'Loghlen,mologhlenpi@github.io,,Libya,2138 Vermont Lane
920,Justine,Sinderson,jsindersonpj@creativecommons.org,,Brazil,441 Artisan Terrace
921,Carmon,Meeland,cmeelandpk@twitpic.com,,China,863 Bashford Avenue
922,Angelita,Crow,acrowpl@trellian.com,,Vietnam,26 Scoville Circle
923,Zollie,Ascough,zascoughpm@npr.org,,Portugal,5522 Elmside Pass
924,Dynah,Curless,dcurlesspn@jugem.jp,Bigender,Luxembourg,2911 Sherman Avenue
925,Lynnet,Wolfarth,lwolfarthpo@mac.com,Non-binary,Poland,84 Sutteridge Pass
926,Ermentrude,Le feaver,elefeaverpp@hao123.com,,France,72 Maywood Alley
927,Fitzgerald,Maps,fmapspq@ucsd.edu,Female,Cuba,8 Reinke Place
928,Franz,Tomczykiewicz,ftomczykiewiczpr@163.com,,Thailand,5 Glacier Hill Lane
929,Latisha,Robberecht,lrobberechtps@smugmug.com,,Peru,3 Algoma Place
930,Maddalena,Bonus,mbonuspt@illinois.edu,Genderqueer,China,2 Marquette Pass
931,Siana,Pretsel,spretselpu@ucoz.ru,,Portugal,1 Manley Terrace
932,Jenifer,Rackam,jrackampv@furl.net,Male,Sweden,8 7th Terrace
933,Alanah,Gerg,agergpw@homestead.com,Genderqueer,Czech Republic,517 Arizona Alley
934,Nevin,Getsham,ngetshampx@soup.io,Bigender,Malaysia,5 Anderson Plaza
935,Trisha,Gillett,tgillettpy@nydailynews.com,Non-binary,Sweden,9 Steensland Center
936,Edgardo,Privett,eprivettpz@microsoft.com,Non-binary,Russia,86 Maryland Place
937,Giffy,Bayns,gbaynsq0@ed.gov,Male,Kenya,9366 Westport Trail
938,Casar,Tregien,ctregienq1@yolasite.com,Polygender,China,081 Northfield Point
939,Valida,Costigan,vcostiganq2@theatlantic.com,Genderfluid,Nigeria,94400 Holy Cross Alley
940,Teri,McDuall,tmcduallq3@slate.com,Female,China,3 Main Place
941,Nikki,Boulding,nbouldingq4@senate.gov,Bigender,China,7290 Buhler Pass
942,Karil,Kenelin,kkenelinq5@walmart.com,,China,97370 Barnett Place
943,Blisse,Antram,bantramq6@gov.uk,Genderfluid,Sweden,509 Armistice Court
944,Thatch,Snailham,tsnailhamq7@techcrunch.com,,Czech Republic,3570 Ridgeway Place
945,Kirsteni,Meynell,kmeynellq8@fda.gov,,China,96854 Pennsylvania Way
946,Gordy,Masser,,Genderfluid,Indonesia,43 Bluejay Point
947,Farris,Barnewelle,fbarnewelleqa@nsw.gov.au,Male,Russia,4 Bultman Court
948,Ashien,Maiklem,amaiklemqb@cnn.com,,Canada,7 Graedel Court
949,Myrilla,Faber,mfaberqc@xing.com,Bigender,Mauritius,054 La Follette Lane
950,Evangeline,Sturge,esturgeqd@businessweek.com,Male,Russia,90 Spohn Place
951,Tobin,Westcarr,twestcarrqe@ucoz.com,,Brazil,257 Dovetail Pass
952,Flemming,Cheke,,,Indonesia,6 Birchwood Circle
953,Celestyna,Allans,callansqg@purevolume.com,,Ukraine,726 Lunder Alley
954,Tedi,Warsop,twarsopqh@irs.gov,,Indonesia,71 Fuller Parkway
955,Tildi,Garner,tgarnerqi@liveinternet.ru,Agender,United States,09 Hermina Parkway
956,Amelita,Meachan,ameachanqj@cbslocal.com,Genderfluid,Poland,303 Paget Terrace
957,Kristien,Edmand,,,China,8 Surrey Pass
958,Aundrea,Graver,,Genderqueer,Yemen,083 Badeau Lane
959,Christye,Koppens,ckoppensqm@angelfire.com,,Dominican Republic,0 Debra Place
960,Ash,Stobie,astobieqn@gnu.org,Non-binary,Indonesia,4263 Graceland Street
961,Hedvige,Althrope,halthropeqo@who.int,Non-binary,Madagascar,164 Mayfield Lane
962,Aldus,Pendre,apendreqp@topsy.com,Agender,Bosnia and Herzegovina,4 Vermont Alley
963,Hyacinthie,Nanelli,hnanelliqq@reddit.com,,Colombia,03 Mandrake Place
964,Zitella,Raikes,zraikesqr@vkontakte.ru,Male,Spain,3 Paget Crossing
965,Viki,Caws,vcawsqs@nbcnews.com,,United States,0264 Buena Vista Lane
966,Thurstan,Pargent,tpargentqt@123-reg.co.uk,Agender,Brazil,598 Briar Crest Crossing
967,Kameko,Formie,kformiequ@cdbaby.com,,Indonesia,85 Heath Drive
968,Falkner,Buxcy,fbuxcyqv@purevolume.com,,Colombia,922 South Point
969,Forrest,Laybourne,flaybourneqw@columbia.edu,Genderfluid,Nigeria,327 Eastlawn Point
970,Patrice,Ogger,poggerqx@geocities.jp,,Sierra Leone,051 Towne Pass
971,Frederik,Gloster,fglosterqy@goo.ne.jp,,China,2125 Dorton Point
972,Agneta,Heinke,aheinkeqz@bbb.org,,Portugal,228 Dawn Plaza
973,Juliette,Tuberfield,jtuberfieldr0@purevolume.com,,Russia,904 Cordelia Point
974,Bondon,Bothams,bbothamsr1@ted.com,Genderqueer,France,62845 Twin Pines Lane
975,Ellynn,Linforth,elinforthr2@mac.com,,France,5 Transport Way
976,Valentino,Player,vplayerr3@360.cn,Male,Thailand,3 Crownhardt Crossing
977,Elita,Seif,eseifr4@csmonitor.com,Male,China,220 Glendale Alley
978,Muffin,Standall,mstandallr5@de.vu,Male,Indonesia,59 Brentwood Lane
979,Hannie,Sorsbie,hsorsbier6@canalblog.com,Polygender,United States,67 Veith Junction
980,Cacilie,Pittway,cpittwayr7@behance.net,Female,Philippines,7736 Village Crossing
981,Bastian,Cluer,bcluerr8@usatoday.com,Bigender,China,99909 Havey Center
982,Alia,Sickling,asicklingr9@cisco.com,,Philippines,61479 Spohn Court
983,Sheeree,Tutchell,stutchellra@nifty.com,,Brazil,51 Claremont Circle
984,Benedick,Bishell,bbishellrb@si.edu,,France,5131 Corscot Parkway
985,Olwen,Servante,oservanterc@thetimes.co.uk,Female,Tanzania,9 Kipling Way
986,Murdock,Matuskiewicz,mmatuskiewiczrd@nps.gov,,China,85 Warrior Park
987,Leland,Iacovolo,liacovolore@paginegialle.it,Bigender,Cameroon,87 Corben Crossing
988,Rosemonde,Chomley,rchomleyrf@oracle.com,Polygender,China,9 Acker Pass
989,Jessee,Jannasch,,Bigender,Poland,29336 Tennessee Circle
990,Basia,Christoffersen,bchristoffersenrh@gravatar.com,,Iran,4558 Vidon Lane
991,Dorree,Clibbery,dclibberyri@kickstarter.com,Polygender,Poland,8 Heffernan Point
992,Marni,Longega,mlongegarj@canalblog.com,Polygender,Philippines,4001 Donald Terrace
993,Rawley,Dearnley,,Bigender,China,1947 Mendota Way
994,Norton,Greensall,ngreensallrl@networksolutions.com,,Tunisia,250 Holmberg Park
995,Maurizio,Le Pine,mlepinerm@google.pl,Non-binary,Portugal,4874 Eastwood Lane
996,Ashla,Ortells,aortellsrn@washington.edu,,China,410 Old Shore Alley
997,Mel,Jesse,mjessero@who.int,Female,Hungary,3499 Monterey Plaza
998,Catharine,Selland,csellandrp@japanpost.jp,,Serbia,564 Gale Alley
999,Paco,Aslet,pasletrq@cloudflare.com,Genderqueer,Russia,6908 Park Meadow Parkway
1000,Fawn,Flintuff,fflintuffrr@ustream.tv,Non-binary,Serbia,13592 Carioca Place
